gene,age,condition,sample,age_condition,celltype,n_cells,pct_detected,avg_lognorm_expr,median_lognorm_expr,avg_raw_count
Gls,P15,Ctrl,15dayS1,P15_Ctrl,Cones,242,93.38842975206612,1.4368446777092385,1.4968568447053414,5.132231404958677
Gls,P15,KO,15dayS2,P15_KO,Cones,169,37.8698224852071,0.28405128309882843,0.0,0.727810650887574
Gls,P15,Ctrl,15dayS1,P15_Ctrl,Rod,4510,59.33481152993348,1.0336224946673682,1.221352588104781,1.2292682926829268
Gls,P15,KO,15dayS2,P15_KO,Rod,3436,56.54831199068685,0.9741277604970453,1.1528916647027811,1.117869615832363
Gls,P15,Ctrl,15dayS1,P15_Ctrl,BC,652,97.69938650306749,1.8156630652492258,1.8717579852065795,8.699386503067485
Gls,P15,KO,15dayS2,P15_KO,BC,598,96.15384615384616,1.7616721359528469,1.8160773798055183,7.20066889632107
Gls,P15,Ctrl,15dayS1,P15_Ctrl,AC,387,83.97932816537468,0.8880704312210334,0.950907712287246,2.705426356589147
Gls,P15,KO,15dayS2,P15_KO,AC,303,64.35643564356435,0.6646708030148655,0.6823982238978433,1.778877887788779
Gls,P15,Ctrl,15dayS1,P15_Ctrl,RGC,3,100.0,1.0038610122183202,1.0191547746292204,2.3333333333333335
Gls,P15,KO,15dayS2,P15_KO,RGC,6,33.33333333333333,0.4418572822447626,0.0,0.6666666666666666
Gls,P15,Ctrl,15dayS1,P15_Ctrl,HC,1,100.0,0.9945222309400225,0.9945222309400225,2.0
Gls,P15,KO,15dayS2,P15_KO,HC,5,100.0,1.0995959510257163,1.0711209308034144,2.4
Gls,P15,Ctrl,15dayS1,P15_Ctrl,MG,239,47.28033472803347,0.3440468989647626,0.0,0.7782426778242678
Gls,P15,KO,15dayS2,P15_KO,MG,215,34.883720930232556,0.2877328188723787,0.0,0.6232558139534884
Gls,P15,Ctrl,15dayS1,P15_Ctrl,Endothelial,29,58.620689655172406,0.5094726429494105,0.5141543071788193,1.1724137931034482
Gls,P15,KO,15dayS2,P15_KO,Endothelial,29,41.37931034482759,0.325357243894892,0.0,0.7931034482758621
Gls,P15,Ctrl,15dayS1,P15_Ctrl,Microglia,15,73.33333333333333,0.6309549554235362,0.6590783165632518,1.4666666666666666
Gls,P15,KO,15dayS2,P15_KO,Microglia,11,54.54545454545454,0.5635275271180231,0.6551843524760553,1.4545454545454546
Gls,P35,Ctrl,35dayS1,P35_Ctrl,Cones,233,93.99141630901288,1.7646195698225804,1.846575613955916,8.549356223175966
Gls,P35,KO,35dayS2,P35_KO,Cones,205,19.024390243902438,0.15800671483303602,0.0,0.4097560975609756
Gls,P35,Ctrl,35dayS1,P35_Ctrl,Rod,6389,72.62482391610581,1.2301498746907782,1.3618993232973748,2.043199248708718
Gls,P35,KO,35dayS2,P35_KO,Rod,6313,66.26009821004277,1.0791799097426946,1.2063815142589247,1.658482496435926
Gls,P35,Ctrl,35dayS1,P35_Ctrl,BC,749,99.06542056074767,2.272934249719369,2.365628931473353,16.69826435246996
Gls,P35,KO,35dayS2,P35_KO,BC,786,98.21882951653944,2.2730444656502735,2.377587822218784,16.924936386768447
Gls,P35,Ctrl,35dayS1,P35_Ctrl,AC,464,73.70689655172413,0.9881986660295538,1.100083994135605,2.5
Gls,P35,KO,35dayS2,P35_KO,AC,382,68.58638743455498,0.8446498516728235,0.8791210009785667,2.0523560209424083
Gls,P35,Ctrl,35dayS1,P35_Ctrl,RGC,8,75.0,1.0866448249463718,1.2401516770892824,2.125
Gls,P35,KO,35dayS2,P35_KO,RGC,15,53.333333333333336,0.8473405621821877,0.5558279852239455,1.8666666666666667
Gls,P35,KO,35dayS2,P35_KO,HC,6,83.33333333333334,1.0220021890181419,1.095446554487162,2.8333333333333335
Gls,P35,Ctrl,35dayS1,P35_Ctrl,MG,295,51.186440677966104,0.3966923766444501,0.3071874602124911,1.0203389830508474
Gls,P35,KO,35dayS2,P35_KO,MG,317,44.479495268138805,0.3538543453321748,0.0,0.886435331230284
Gls,P35,Ctrl,35dayS1,P35_Ctrl,MG_AC,13,100.0,1.2287188557582918,1.2664109239412287,3.923076923076923
Gls,P35,Ctrl,35dayS1,P35_Ctrl,Endothelial,24,66.66666666666666,0.7745596916252474,0.7935624599642017,2.125
Gls,P35,KO,35dayS2,P35_KO,Endothelial,31,58.06451612903226,0.6144667070470511,0.6054547747364752,1.8064516129032258
Gls,P35,Ctrl,35dayS1,P35_Ctrl,Microglia,4,75.0,1.123157888648458,1.299771856801465,3.75
Gls,P35,KO,35dayS2,P35_KO,Microglia,11,81.81818181818183,0.6113510165529463,0.5990627649105801,1.3636363636363635
Gls2,P15,Ctrl,15dayS1,P15_Ctrl,Cones,242,0.0,0.0,0.0,0.0
Gls2,P15,KO,15dayS2,P15_KO,Cones,169,0.0,0.0,0.0,0.0
Gls2,P15,Ctrl,15dayS1,P15_Ctrl,Rod,4510,0.15521064301552107,0.0017605633265589797,0.0,0.0015521064301552106
Gls2,P15,KO,15dayS2,P15_KO,Rod,3436,0.17462165308498254,0.002740933427434695,0.0,0.0017462165308498253
Gls2,P15,Ctrl,15dayS1,P15_Ctrl,BC,652,2.147239263803681,0.013387950834280717,0.0,0.023006134969325152
Gls2,P15,KO,15dayS2,P15_KO,BC,598,2.0066889632107023,0.012628616437435711,0.0,0.020066889632107024
Gls2,P15,Ctrl,15dayS1,P15_Ctrl,AC,387,10.852713178294573,0.061096697866022544,0.0,0.13178294573643412
Gls2,P15,KO,15dayS2,P15_KO,AC,303,6.270627062706271,0.042399803868734195,0.0,0.0627062706270627
Gls2,P15,Ctrl,15dayS1,P15_Ctrl,RGC,3,0.0,0.0,0.0,0.0
Gls2,P15,KO,15dayS2,P15_KO,RGC,6,0.0,0.0,0.0,0.0
Gls2,P15,Ctrl,15dayS1,P15_Ctrl,HC,1,0.0,0.0,0.0,0.0
Gls2,P15,KO,15dayS2,P15_KO,HC,5,0.0,0.0,0.0,0.0
Gls2,P15,Ctrl,15dayS1,P15_Ctrl,MG,239,1.2552301255230125,0.006282347006851182,0.0,0.012552301255230125
Gls2,P15,KO,15dayS2,P15_KO,MG,215,1.3953488372093024,0.0085265031778435,0.0,0.013953488372093023
Gls2,P15,Ctrl,15dayS1,P15_Ctrl,Endothelial,29,0.0,0.0,0.0,0.0
Gls2,P15,KO,15dayS2,P15_KO,Endothelial,29,0.0,0.0,0.0,0.0
Gls2,P15,Ctrl,15dayS1,P15_Ctrl,Microglia,15,0.0,0.0,0.0,0.0
Gls2,P15,KO,15dayS2,P15_KO,Microglia,11,0.0,0.0,0.0,0.0
Gls2,P35,Ctrl,35dayS1,P35_Ctrl,Cones,233,0.0,0.0,0.0,0.0
Gls2,P35,KO,35dayS2,P35_KO,Cones,205,0.975609756097561,0.006716000236175241,0.0,0.00975609756097561
Gls2,P35,Ctrl,35dayS1,P35_Ctrl,Rod,6389,0.15651901706057286,0.0018048087375973178,0.0,0.0018782282047268744
Gls2,P35,KO,35dayS2,P35_KO,Rod,6313,0.2534452716616506,0.0026022894857283038,0.0,0.002692856011405037
Gls2,P35,Ctrl,35dayS1,P35_Ctrl,BC,749,9.345794392523365,0.049441854941069216,0.0,0.1295060080106809
Gls2,P35,KO,35dayS2,P35_KO,BC,786,9.16030534351145,0.04774169696464108,0.0,0.1183206106870229
Gls2,P35,Ctrl,35dayS1,P35_Ctrl,AC,464,11.206896551724139,0.09120225292954105,0.0,0.1400862068965517
Gls2,P35,KO,35dayS2,P35_KO,AC,382,9.68586387434555,0.061295634940545934,0.0,0.10732984293193717
Gls2,P35,Ctrl,35dayS1,P35_Ctrl,RGC,8,25.0,0.2579403927509262,0.0,0.25
Gls2,P35,KO,35dayS2,P35_KO,RGC,15,13.333333333333334,0.22922306914212015,0.0,0.2
Gls2,P35,KO,35dayS2,P35_KO,HC,6,0.0,0.0,0.0,0.0
Gls2,P35,Ctrl,35dayS1,P35_Ctrl,MG,295,0.6779661016949152,0.006947089320482302,0.0,0.006779661016949152
Gls2,P35,KO,35dayS2,P35_KO,MG,317,0.0,0.0,0.0,0.0
Gls2,P35,Ctrl,35dayS1,P35_Ctrl,MG_AC,13,0.0,0.0,0.0,0.0
Gls2,P35,Ctrl,35dayS1,P35_Ctrl,Endothelial,24,0.0,0.0,0.0,0.0
Gls2,P35,KO,35dayS2,P35_KO,Endothelial,31,0.0,0.0,0.0,0.0
Gls2,P35,Ctrl,35dayS1,P35_Ctrl,Microglia,4,0.0,0.0,0.0,0.0
Gls2,P35,KO,35dayS2,P35_KO,Microglia,11,0.0,0.0,0.0,0.0
