age,celltype,gene,score,log2fc_ko_vs_ctrl,p_value,p_adj_bh,ko_pct_detected_rank_genes_groups,ctrl_n_cells,ctrl_avg_lognorm_expr,ctrl_pct_detected,ko_n_cells,ko_avg_lognorm_expr,ko_pct_detected,direction
P15,Cones,Gm41031,7.4995565,3.664179,6.403410980330865e-14,1.9801481221509812e-10,0.28402366863905326,242,0.020219741,2.8925619834710745,169,0.23027122,28.40236686390532,up_in_KO
P15,Cones,Wdfy1,6.272485,1.9290507,3.5533125418119336e-10,5.494013408398218e-07,0.3727810650887574,242,0.077289775,11.570247933884298,169,0.26696587,37.278106508875695,up_in_KO
P15,Cones,mt-Nd1,6.092963,0.5221948,1.1083957369647737e-09,1.4689410359746009e-06,1.0,242,2.8165748,97.93388429752038,169,3.1602025,100.00000000000016,up_in_KO
P15,Cones,Gm26520,6.0044336,5.046623,1.9200077737515425e-09,2.2264890146366324e-06,0.15384615384615385,242,0.0032313631,0.4132231404958678,169,0.101628944,15.384615384615389,up_in_KO
P15,Cones,Iqgap2,5.8099794,1.8339571,6.248048865416805e-09,5.269377211315609e-06,0.41420118343195267,242,0.13121091,17.355371900826434,169,0.40537286,41.420118343195206,up_in_KO
P15,Cones,Egr1,5.6551294,1.1236212,1.5572896731966158e-08,1.170562094827883e-05,0.7751479289940828,242,0.6226083,56.198347107437876,169,1.0585276,77.51479289940832,up_in_KO
P15,Cones,Kcng1,5.5590405,1.4614382,2.7126140765442207e-08,1.6776613858733823e-05,0.4556213017751479,242,0.16008209,21.487603305785097,169,0.39074683,45.56213017751472,up_in_KO
P15,Cones,Robo1,5.422344,1.2331194,5.882246531116074e-08,3.4106000668227384e-05,0.8757396449704142,242,1.4981073,62.39669421487587,169,2.2153542,87.57396449704152,up_in_KO
P15,Cones,Gabarap,5.1404476,0.6759101,2.7408447820584417e-07,0.00012713408521578082,0.8698224852071006,242,0.9969072,78.51239669421466,169,1.3168705,86.98224852071014,up_in_KO
P15,Cones,Mt1,5.1245503,1.4883734,2.982486172565427e-07,0.0001300374276403393,0.9822485207100592,242,1.7356447,64.04958677685933,169,2.6468825,98.22485207100607,up_in_KO
P15,Cones,Ybx3,4.8880115,0.5927801,1.0185958551987044e-06,0.00041084842385558177,0.9408284023668639,242,1.3065116,87.60330578512372,169,1.6217321,94.08284023668652,up_in_KO
P15,Cones,Gm47283,4.846206,1.1146288,1.2584485220429653e-06,0.00048644278912469117,0.5207100591715976,242,0.23777407,29.338842975206557,169,0.45820972,52.071005917159674,up_in_KO
P15,Cones,D630023F18Rik,4.740828,3.3218286,2.128467002854285e-06,0.000789831535419168,0.1242603550295858,242,0.009203173,1.2396694214876034,169,0.088423036,12.426035502958584,up_in_KO
P15,Cones,H3f3b,4.4986672,0.44306982,6.838073227595381e-06,0.0019824001666375736,0.9585798816568047,242,2.7147822,94.62809917355345,169,3.004229,95.85798816568061,up_in_KO
P15,Cones,Xkr4,4.48059,1.3979819,7.443708195694591e-06,0.002092584270650264,0.35502958579881655,242,0.1558769,16.528925619834702,169,0.3677862,35.50295857988162,up_in_KO
P15,Cones,Hmgb3,4.465181,1.1008307,8.000113496308602e-06,0.0021828544972133795,0.5266272189349113,242,0.25044084,35.53719008264456,169,0.4764744,52.66272189349104,up_in_KO
P15,Cones,Nr2e3,4.4236393,1.0824032,9.705191555182282e-06,0.0023693437383533167,0.6153846153846154,242,0.58122313,45.86776859504121,169,0.98174596,61.5384615384615,up_in_KO
P15,Cones,Snapin,4.404072,1.2155384,1.062376727634844e-05,0.002483263784012256,0.40236686390532544,242,0.14336261,22.31404958677683,169,0.30599418,40.23668639053249,up_in_KO
P15,Cones,Dbndd2,4.4023757,0.6087385,1.0707184581275223e-05,0.002483263784012256,0.8165680473372781,242,0.66966295,71.48760330578493,169,0.8977749,81.65680473372787,up_in_KO
P15,Cones,Dynlt1b,4.381485,3.7667613,1.1787312041464237e-05,0.002667094970943018,0.10059171597633136,242,0.004344122,0.8264462809917356,169,0.057569552,10.059171597633139,up_in_KO
P15,Cones,Hmgn2,4.330251,0.51631206,1.4893941987423302e-05,0.003213281391100604,0.9171597633136095,242,1.395655,88.42975206611546,169,1.6761031,91.71597633136106,up_in_KO
P15,Cones,Ppp1ca,4.2361,0.73202586,2.274354384002538e-05,0.00458476475071823,0.7100591715976331,242,0.44111997,54.95867768595028,169,0.65280426,71.00591715976333,up_in_KO
P15,Cones,Foxred2,4.2313647,1.019885,2.3227761483643075e-05,0.00458476475071823,0.5266272189349113,242,0.25912338,34.710743801652825,169,0.4698773,52.66272189349104,up_in_KO
P15,Cones,Fabp5,4.1752477,0.9892478,2.9766212975474688e-05,0.00563553383211181,0.5443786982248521,242,0.28143308,37.60330578512389,169,0.49787894,54.437869822485126,up_in_KO
P15,Cones,Sdhaf4,4.1441574,0.6410269,3.4106560980762746e-05,0.006084741658048769,0.8579881656804734,242,0.73687124,72.31404958677666,169,0.99282044,85.79881656804741,up_in_KO
P15,Cones,Btaf1,4.0959587,0.7524627,4.204251140156609e-05,0.0073590260051382755,0.6390532544378699,242,0.39763987,48.76033057851228,169,0.600284,63.90532544378695,up_in_KO
P15,Cones,Fgfbp3,4.0617657,0.999461,4.870297156617951e-05,0.008366990133693469,0.4556213017751479,242,0.17398287,25.61983471074376,169,0.32203162,45.56213017751472,up_in_KO
P15,Cones,Gm45349,4.048895,2.2074358,5.1460079386182177e-05,0.008679911935738402,0.14792899408284024,242,0.024523553,3.71900826446281,169,0.10855226,14.792899408284027,up_in_KO
P15,Cones,Rax,3.9889524,0.49508047,6.636574317630745e-05,0.010435169482145835,0.9053254437869822,242,1.0147821,83.05785123966919,169,1.2466875,90.53254437869833,up_in_KO
P15,Cones,Pabpc1,3.940399,0.55713135,8.13462421337891e-05,0.012371296529101006,0.7810650887573964,242,0.62173307,68.59504132231386,169,0.81912804,78.10650887573969,up_in_KO
P15,Cones,Rragd,3.9242418,0.7059575,8.700331183926733e-05,0.013018221353756177,0.6804733727810651,242,0.43631157,55.371900826446144,169,0.63777506,68.0473372781065,up_in_KO
P15,Cones,Ctsl,3.9089403,0.5987082,9.270189694611503e-05,0.01359357105092007,0.7751479289940828,242,0.57260823,64.87603305785107,169,0.77492386,77.51479289940832,up_in_KO
P15,Cones,Inhbb,3.9015818,1.3996673,9.556621120739666e-05,0.01363950371340029,0.28994082840236685,242,0.09403515,14.049586776859503,169,0.23122488,28.99408284023668,up_in_KO
P15,Cones,4930579D07Rik,3.8269987,0.8294654,0.00012971520005100885,0.016948843815115622,0.6863905325443787,242,0.68610716,51.65289256198334,169,1.0123622,68.63905325443787,up_in_KO
P15,Cones,Pfn1,3.8120084,0.58470553,0.00013784215064656635,0.017760578215947165,0.7633136094674556,242,0.55668366,64.04958677685933,169,0.75005466,76.33136094674559,up_in_KO
P15,Cones,Arhgef28,3.7717123,1.2864325,0.0001621311056406249,0.019826999691215853,0.3076923076923077,242,0.1081607,15.702479338842966,169,0.24578664,30.769230769230756,up_in_KO
P15,Cones,Zcrb1,3.7645578,0.51321363,0.00016684399662501262,0.01984374047038772,0.8579881656804734,242,0.87081325,75.61983471074359,169,1.0926639,85.79881656804741,up_in_KO
P15,Cones,H3f3a,3.737116,0.36835727,0.00018614306050281952,0.02080541171427297,0.9585798816568047,242,2.5601516,93.38842975206585,169,2.7979076,95.85798816568061,up_in_KO
P15,Cones,Prkar1a,3.7170758,0.52508163,0.00020154201197728549,0.021818316871095075,0.7869822485207101,242,0.64305234,70.24793388429732,169,0.8322103,78.69822485207105,up_in_KO
P15,Cones,Fos,3.675331,0.8729436,0.00023754115581513016,0.025041696619283665,0.5029585798816568,242,0.26960638,33.47107438016522,169,0.44898656,50.29585798816558,up_in_KO
P15,Cones,Dnmt3a,3.6573021,0.46105897,0.0002548839570105306,0.026392724100884973,0.893491124260355,242,0.95585823,81.40495867768573,169,1.1643146,89.3491124260356,up_in_KO
P15,Cones,Ube2g2,3.6561348,1.0482684,0.00025604669279720254,0.026392724100884973,0.3076923076923077,242,0.10235449,15.2892561983471,169,0.20121364,30.769230769230756,up_in_KO
P15,Cones,Txnrd2,3.6436696,1.6417695,0.00026877846425980796,0.02740063530701361,0.1834319526627219,242,0.041816432,7.024793388429752,169,0.1250933,18.343195266272193,up_in_KO
P15,Cones,Gm41517,3.6231344,0.80515397,0.0002910546259772319,0.0292851674276339,0.46153846153846156,242,0.25028822,29.752066115702426,169,0.40341878,46.153846153846075,up_in_KO
P15,Cones,Arf5,3.6193166,0.48646206,0.00029538209174880567,0.0292851674276339,0.893491124260355,242,0.8806115,79.75206611570226,169,1.0915016,89.3491124260356,up_in_KO
P15,Cones,1500011B03Rik,3.6126804,0.5411369,0.00030304797596775407,0.0292851674276339,0.7928994082840237,242,0.6506457,70.24793388429732,169,0.8475929,79.28994082840242,up_in_KO
P15,Cones,Zfp444,3.6052644,0.49950954,0.0003118352247112286,0.029519340608633343,0.7810650887573964,242,0.65559065,69.83471074380147,169,0.83703625,78.10650887573969,up_in_KO
P15,Cones,Atp6v1f,3.5937738,0.44856083,0.0003259227602624495,0.03036245003067183,0.8579881656804734,242,0.9084764,80.99173553718985,169,1.1054097,85.79881656804741,up_in_KO
P15,Cones,Rbm3,3.5855556,0.4840716,0.0003363614843138494,0.03036245003067183,0.7988165680473372,242,0.6687189,73.1404958677684,169,0.8463741,79.88165680473378,up_in_KO
P15,Cones,Rps23,3.5849786,0.46798193,0.00033710599904701935,0.03036245003067183,0.9467455621301775,242,1.5098598,86.77685950413199,169,1.7710807,94.67455621301788,up_in_KO
P15,Cones,Ier2,3.5746129,1.1417766,0.0003507463601727378,0.03098927603164275,0.30177514792899407,242,0.106919356,16.115702479338832,169,0.22233865,30.177514792899395,up_in_KO
P15,Cones,Rnasek,3.5644572,0.4022609,0.00036460995855399226,0.03161202416360174,0.893491124260355,242,1.1086563,85.12396694214853,169,1.303776,89.3491124260356,up_in_KO
P15,Cones,Neurl2,3.5470304,2.010466,0.0003895994151805169,0.03331945427301722,0.1242603550295858,242,0.02103666,3.3057851239669422,169,0.08218546,12.426035502958584,up_in_KO
P15,Cones,Mkrn1,3.5067532,0.6105649,0.0004536098015147053,0.037240160430547974,0.6331360946745562,242,0.396277,50.82644628099161,169,0.55531055,63.31360946745559,up_in_KO
P15,Cones,Glrx2,3.497731,0.545001,0.00046923437321616914,0.03818497614321404,0.7337278106508875,242,0.4984754,59.5041322314048,169,0.66414785,73.37278106508877,up_in_KO
P15,Cones,Nrip1,3.4898934,0.41525885,0.0004832133083234382,0.03857328452943149,0.8875739644970414,242,1.0897806,85.95041322314026,169,1.2897557,88.75739644970425,up_in_KO
P15,Cones,Cxxc5,3.4880924,0.5863972,0.00048647992777228467,0.03857328452943149,0.7218934911242604,242,0.5287467,61.157024793388274,169,0.71600735,72.18934911242604,up_in_KO
P15,Cones,Desi1,3.4822626,0.40188706,0.00049719599591758,0.039088875034977884,0.9289940828402367,242,1.0716871,85.95041322314026,169,1.2633277,92.89940828402379,up_in_KO
P15,Cones,Ngfr,3.471899,0.9340104,0.0005167904458294615,0.039996887336703674,0.41420118343195267,242,0.23775613,26.44628099173549,169,0.41396177,41.420118343195206,up_in_KO
P15,Cones,Plk5,3.471599,0.6844434,0.0005173683820636456,0.039996887336703674,0.6331360946745562,242,0.41302195,49.99999999999988,169,0.5998398,63.31360946745559,up_in_KO
P15,Cones,E230016M11Rik,3.4581196,0.796914,0.0005439598749049556,0.04170508892143201,0.47928994082840237,242,0.23860356,32.64462809917349,169,0.38402426,47.92899408284015,up_in_KO
P15,Cones,Tmem167,3.4505465,0.4795653,0.0005594525802709982,0.04189488382263611,0.863905325443787,242,0.73351437,72.72727272727253,169,0.9199626,86.39053254437879,up_in_KO
P15,Cones,Sh2b3,3.445619,1.3948063,0.000569752905443042,0.042284781630360806,0.22485207100591717,242,0.06619514,10.330578512396695,169,0.1654742,22.485207100591722,up_in_KO
P15,Cones,Hnrnpu,3.4389381,0.31112275,0.0005840008865999252,0.04268665147891968,0.9289940828402367,242,1.2738161,91.32231404958652,169,1.4336722,92.89940828402379,up_in_KO
P15,Cones,Sfr1,3.4387667,0.5275767,0.0005843704578875498,0.04268665147891968,0.7100591715976331,242,0.5615202,64.4628099173552,169,0.73521894,71.00591715976333,up_in_KO
P15,Cones,Fam50a,3.4325283,0.94531155,0.0005979816414935338,0.0433396538135587,0.3905325443786982,242,0.15835787,26.85950413223136,169,0.2854839,39.053254437869775,up_in_KO
P15,Cones,Hnrnpf,3.4086397,0.38119555,0.0006528765681921193,0.045539367842994664,0.9171597633136095,242,1.3317996,87.19008264462785,169,1.5327637,91.71597633136106,up_in_KO
P15,Cones,Dazap2,3.382474,0.81864935,0.0007183606478997059,0.04900170390121744,0.4319526627218935,242,0.1812324,29.752066115702426,169,0.30043554,43.19526627218928,up_in_KO
P15,Cones,4933424G05Rik,-3.383875,-2.1926587,0.0007147055049703543,0.04900170390121744,0.023668639053254437,242,0.065788694,11.570247933884298,169,0.014765533,2.366863905325444,down_in_KO
P15,Cones,B230206L02Rik,-3.4153712,-0.857233,0.0006369512779111886,0.044776421332101135,0.2485207100591716,242,0.34564844,42.14876033057842,169,0.20532836,24.852071005917168,down_in_KO
P15,Cones,4930447C04Rik,-3.4246652,-0.40412268,0.0006155573236079594,0.043927117623931075,0.9230769230769231,242,1.6672002,93.80165289256172,169,1.4463222,92.30769230769242,down_in_KO
P15,Cones,Rbms2,-3.4289737,-1.4665084,0.0006058681504510587,0.04357084365685637,0.05325443786982249,242,0.09947621,16.942148760330568,169,0.037148777,5.325443786982249,down_in_KO
P15,Cones,Unc5d,-3.4502907,-0.7847406,0.0005599833560425653,0.04189488382263611,0.5207100591715976,242,0.8932816,65.7024793388428,169,0.608502,52.071005917159674,down_in_KO
P15,Cones,Negr1,-3.4511538,-0.37455237,0.0005581954850449168,0.04189488382263611,0.9763313609467456,242,2.655148,97.5206611570245,169,2.4161506,97.6331360946747,down_in_KO
P15,Cones,Aff1,-3.4907131,-0.44986475,0.0004817332534851095,0.03857328452943149,0.8579881656804734,242,1.3222685,93.38842975206585,169,1.1035056,85.79881656804741,down_in_KO
P15,Cones,A930002C04Rik,-3.5079303,-2.4447773,0.0004516073498975505,0.037240160430547974,0.03550295857988166,242,0.08971123,13.636363636363635,169,0.01709247,3.5502958579881656,down_in_KO
P15,Cones,Casp7,-3.5161953,-0.5874961,0.00043777873260235963,0.036588047768937745,0.6331360946745562,242,0.8143796,77.68595041322293,169,0.60815847,63.31360946745559,down_in_KO
P15,Cones,Mif,-3.5172918,-0.6000599,0.00043597413772785386,0.036588047768937745,0.6686390532544378,242,0.8917247,75.61983471074359,169,0.667607,66.86390532544377,down_in_KO
P15,Cones,Gsc2,-3.5457573,-1.2790343,0.00039148652751523947,0.03331945427301722,0.10059171597633136,242,0.1734762,24.380165289256162,169,0.07516281,10.059171597633139,down_in_KO
P15,Cones,Diaph3,-3.5718489,-0.8863234,0.0003544698120955924,0.03102279666802651,0.378698224852071,242,0.5628496,53.30578512396681,169,0.34274527,37.86982248520705,down_in_KO
P15,Cones,Acvr1,-3.5786676,-1.7394055,0.0003453502227915445,0.0308059040080496,0.0650887573964497,242,0.14698417,19.008264462809898,169,0.046330407,6.508875739644972,down_in_KO
P15,Cones,Maml2,-3.5872478,-0.9964707,0.0003341867742432886,0.03036245003067183,0.24260355029585798,242,0.44623658,41.73553719008255,169,0.24834281,24.260355029585806,down_in_KO
P15,Cones,Gm12146,-3.5913243,-1.1918639,0.00032900184985086735,0.03036245003067183,0.13609467455621302,242,0.22386922,28.92561983471069,169,0.10420815,13.609467455621305,down_in_KO
P15,Cones,2310034G01Rik,-3.6089444,-1.0696752,0.00030744547353992515,0.029403831526081295,0.14201183431952663,242,0.19896829,30.991735537190024,169,0.09973858,14.201183431952666,down_in_KO
P15,Cones,Pygm,-3.6128585,-0.6161689,0.00030283996189343,0.0292851674276339,0.6153846153846154,242,0.77099943,75.20661157024773,169,0.5642005,61.5384615384615,down_in_KO
P15,Cones,Gm40477,-3.6137078,-0.84872985,0.00030184924923691174,0.0292851674276339,0.34911242603550297,242,0.47400647,52.06611570247921,169,0.2902244,34.911242603550264,down_in_KO
P15,Cones,Dpp6,-3.6997097,-1.3430287,0.0002158461831582091,0.02301614989837593,0.1242603550295858,242,0.25362942,27.685950413223093,169,0.107778504,12.426035502958584,down_in_KO
P15,Cones,Arhgap10,-3.7161756,-0.7225325,0.00020226099503224928,0.021818316871095075,0.5325443786982249,242,0.7249954,70.24793388429732,169,0.4978962,53.254437869822404,down_in_KO
P15,Cones,Zfp943,-3.7305527,-1.2438229,0.00019106019625477353,0.021100779055423024,0.1834319526627219,242,0.25275934,33.884297520661086,169,0.114603326,18.343195266272193,down_in_KO
P15,Cones,Glmn,-3.748603,-0.45116943,0.0001778222829480886,0.02011777218182217,0.8461538461538461,242,1.27291,89.25619834710719,169,1.0580422,84.6153846153847,down_in_KO
P15,Cones,Macrod2,-3.7536278,-0.5653813,0.0001742935823490004,0.019961994610514528,0.893491124260355,242,2.0209286,94.62809917355345,169,1.690682,89.3491124260356,down_in_KO
P15,Cones,Abi3,-3.7559514,-1.3659788,0.0001726841563848668,0.019961994610514528,0.10650887573964497,242,0.20391946,25.61983471074376,169,0.084119454,10.6508875739645,down_in_KO
P15,Cones,Lhfpl3,-3.756132,-0.5501677,0.0001725598556842743,0.019961994610514528,0.8461538461538461,242,1.7233827,92.14876033057826,169,1.4216336,84.6153846153847,down_in_KO
P15,Cones,Mogat1,-3.767992,-1.227623,0.0001645660209360376,0.019826999691215853,0.1242603550295858,242,0.20417137,28.09917355371896,169,0.09232729,12.426035502958584,down_in_KO
P15,Cones,Pdzph1,-3.7683296,-0.823759,0.00016434362645865823,0.019826999691215853,0.47337278106508873,242,0.8960973,67.76859504132213,169,0.59840596,47.33727810650879,down_in_KO
P15,Cones,Cngb3,-3.7802637,-0.42070535,0.00015666233817527425,0.019639952854757017,0.9822485207100592,242,3.126094,97.93388429752038,169,2.849234,98.22485207100607,down_in_KO
P15,Cones,Tle1,-3.792103,-1.4425164,0.0001493769313474906,0.01898314783713247,0.11834319526627218,242,0.21770091,27.272727272727227,169,0.08570508,11.834319526627223,down_in_KO
P15,Cones,Ptpn21,-3.8410935,-0.7612213,0.0001224873753852162,0.016233076877837864,0.4378698224852071,242,0.5442428,64.04958677685933,169,0.35539666,43.78698224852064,down_in_KO
P15,Cones,Nr6a1,-3.861585,-0.54296285,0.00011265390295668792,0.015146235619263678,0.7396449704142012,242,1.0477054,83.88429752066092,169,0.8200098,73.96449704142015,down_in_KO
P15,Cones,Trim17,-3.8657622,-0.78683215,0.00011074280387582058,0.015108249875823347,0.3905325443786982,242,0.51449704,58.67768595041307,169,0.32927746,39.053254437869775,down_in_KO
P15,Cones,A1bg,-3.8798523,-0.94646853,0.00010451992369884313,0.014472109435136831,0.31952662721893493,242,0.40897837,49.99999999999988,169,0.23284826,31.95266272189347,down_in_KO
P15,Cones,Gucy2e,-3.8900318,-0.61389965,0.00010023109261163006,0.014088543123607454,0.650887573964497,242,0.8408826,80.99173553718985,169,0.6213758,65.08875739644968,down_in_KO
P15,Cones,Clu,-3.906148,-0.7709309,9.37790823821154e-05,0.01359357105092007,0.5088757396449705,242,0.62240934,66.9421487603304,169,0.40945286,50.887573964496944,down_in_KO
P15,Cones,Dgkd,-3.9574702,-0.5514683,7.574773212785964e-05,0.011711861849169232,0.893491124260355,242,1.6527009,90.08264462809892,169,1.355871,89.3491124260356,down_in_KO
P15,Cones,Tbc1d32,-4.000382,-0.837237,6.324036446621116e-05,0.010115187261259324,0.40828402366863903,242,0.5109708,59.5041322314048,169,0.317201,40.82840236686385,down_in_KO
P15,Cones,Aldoc,-4.006722,-0.95315903,6.156722751656437e-05,0.010020336310020486,0.3727810650887574,242,0.46181417,53.30578512396681,169,0.26479214,37.278106508875695,down_in_KO
P15,Cones,Plcl1,-4.020814,-0.8157713,5.799740037374849e-05,0.009607890772629728,0.5325443786982249,242,0.82835597,69.83471074380147,169,0.54962337,53.254437869822404,down_in_KO
P15,Cones,Rgs20,-4.1651506,-0.5055514,3.111468134085049e-05,0.005659821545079805,0.9526627218934911,242,2.328063,97.5206611570245,169,2.0177383,95.26627218934924,down_in_KO
P15,Cones,Pcdh15,-4.166338,-0.4857103,3.095318998388244e-05,0.005659821545079805,0.9940828402366864,242,3.9781415,98.34710743801625,169,3.648937,99.40828402366878,down_in_KO
P15,Cones,Sgce,-4.1966963,-0.9015205,2.7083690881468247e-05,0.005234487506403769,0.3609467455621302,242,0.5144986,58.264462809917205,169,0.30760574,36.09467455621298,down_in_KO
P15,Cones,Ssbp4,-4.2570844,-1.0063502,2.071102934186471e-05,0.004269693760099532,0.3254437869822485,242,0.44335717,53.30578512396681,169,0.24509224,32.54437869822483,down_in_KO
P15,Cones,Mgarp,-4.304161,-0.54855776,1.6761954525572886e-05,0.0035341057303122647,0.8698224852071006,242,1.5957556,88.84297520661131,169,1.3051817,86.98224852071014,down_in_KO
P15,Cones,Ip6k2,-4.373025,-0.77858067,1.2253668708637835e-05,0.0027066020145246,0.5443786982248521,242,0.6994113,70.6611570247932,169,0.46390128,54.437869822485126,down_in_KO
P15,Cones,Arid5b,-4.4269943,-1.0792915,9.55551909150448e-06,0.0023693437383533167,0.2603550295857988,242,0.45645642,48.76033057851228,169,0.24197921,26.035502958579887,down_in_KO
P15,Cones,Acbd6,-4.450799,-0.33474737,8.555142043342295e-06,0.0022314774808848176,0.9763313609467456,242,1.9991941,96.28099173553692,169,1.8019259,97.6331360946747,down_in_KO
P15,Cones,Gm12239,-4.507331,-1.3928081,6.564827322115922e-06,0.001964577518299013,0.16568047337278108,242,0.327546,37.60330578512389,169,0.13766521,16.56804733727811,down_in_KO
P15,Cones,Raver2,-4.5232472,-1.3293055,6.089797358163437e-06,0.001883168336389407,0.25443786982248523,242,0.4194181,45.45454545454535,169,0.18844226,25.44378698224853,down_in_KO
P15,Cones,F630040K05Rik,-4.5680313,-0.7737238,4.923264842119382e-06,0.0015749354462186724,0.5798816568047337,242,0.86827254,74.380165289256,169,0.5926653,57.988165680473315,down_in_KO
P15,Cones,Anln,-4.5713816,-26.162645,4.84518887203286e-06,0.0015749354462186724,0.0,242,0.072429985,11.570247933884298,169,0.0,0.0,down_in_KO
P15,Cones,C230014O12Rik,-4.678881,-1.0072678,2.88444758499892e-06,0.0009910748239272216,0.4260355029585799,242,0.656173,64.4628099173552,169,0.37937507,42.60355029585792,down_in_KO
P15,Cones,Gnat2,-4.6996965,-0.32949644,2.605481721612817e-06,0.0009296559204385424,0.9881656804733728,242,2.645949,97.5206611570245,169,2.4355967,98.81656804733743,down_in_KO
P15,Cones,Cmss1,-5.118253,-0.35772467,3.0837807568044244e-07,0.0001300374276403393,1.0,242,4.9326305,99.99999999999972,169,4.686703,100.00000000000016,down_in_KO
P15,Cones,Elk3,-5.1966443,-1.2215148,2.0291813050273088e-07,9.907744719335971e-05,0.3136094674556213,242,0.5004032,56.61157024793374,169,0.24567011,31.360946745562114,down_in_KO
P15,Cones,Sgpp2,-5.1982703,-1.2644114,2.0115171606199204e-07,9.907744719335971e-05,0.3076923076923077,242,0.46494064,54.545454545454405,169,0.2202577,30.769230769230756,down_in_KO
P15,Cones,Opn1sw,-5.2171664,-1.5612341,1.8168107158871775e-07,9.907744719335971e-05,0.6153846153846154,242,2.4053316,74.79338842975186,169,1.4853317,61.5384615384615,down_in_KO
P15,Cones,Me1,-5.6194534,-0.82159287,1.9156275247980222e-08,1.2693768962536609e-05,0.6804733727810651,242,0.9628221,82.23140495867746,169,0.6502926,68.0473372781065,down_in_KO
P15,Cones,Slc8a3,-5.6462,-0.7978396,1.6403263159170506e-08,1.170562094827883e-05,0.8284023668639053,242,1.5813737,93.80165289256172,169,1.1697686,82.8402366863906,down_in_KO
P15,Cones,Gphn,-5.8199563,-0.36956483,5.886294297646345e-09,5.269377211315609e-06,1.0,242,3.3341026,99.99999999999972,169,3.088293,100.00000000000016,down_in_KO
P15,Cones,Ndufaf5,-5.9656696,-0.89293855,2.436326587721647e-09,2.5113113060326355e-06,0.7337278106508875,242,1.1774118,84.2975206611568,169,0.7927605,73.37278106508877,down_in_KO
P15,Cones,Lars2,-7.103106,-0.49467412,1.2198360875913513e-12,2.263283876916993e-09,1.0,242,2.851006,99.58677685950384,169,2.5314837,100.00000000000016,down_in_KO
P15,Cones,Hk2,-7.3421507,-0.68533987,2.1018847694018296e-13,4.874796251435194e-10,0.9230769230769231,242,1.8616797,95.86776859504104,169,1.4769384,92.30769230769242,down_in_KO
P15,Cones,Cdk8,-7.9288626,-0.60115516,2.2116196289799893e-15,1.0258597649023681e-11,1.0,242,3.7557583,99.58677685950384,169,3.3510828,100.00000000000016,down_in_KO
P15,Cones,Gls,-14.862887,-3.3246667,5.739729739468135e-50,5.324747279304589e-46,0.378698224852071,242,1.4886506,93.38842975206585,169,0.29450405,37.86982248520705,down_in_KO
P35,Cones,Egr1,12.811118,3.5784461,1.4207253317913985e-37,6.590034451514402e-34,0.7902439024390244,233,0.23729403,25.751072961373406,205,1.434914,79.0243902439025,up_in_KO
P35,Cones,Abhd14b,8.384008,2.1911063,5.1155266087676946e-17,9.49134806990758e-14,0.5756097560975609,233,0.14530297,23.175965665236067,205,0.53892463,57.560975609756134,up_in_KO
P35,Cones,Fos,7.6595974,2.1051257,1.8651683555040758e-14,2.47188097628733e-11,0.5463414634146342,233,0.16879831,22.746781115879845,205,0.5828424,54.63414634146345,up_in_KO
P35,Cones,Rps3a1,6.9275813,0.86942667,4.280967879405671e-12,3.9714539017246405e-09,0.8292682926829268,233,0.89477795,75.53648068669501,205,1.2928625,82.92682926829275,up_in_KO
P35,Cones,Uba52,6.674903,1.1994561,2.4739589792666348e-11,2.0864470409687792e-08,0.7219512195121951,233,0.3586011,52.789699570815316,205,0.6884126,72.19512195121956,up_in_KO
P35,Cones,Ptma,6.3870344,0.63660073,1.691338371165591e-10,1.1207532906645134e-07,0.9024390243902439,233,2.1686044,85.83690987124432,205,2.5682144,90.24390243902445,up_in_KO
P35,Cones,Ier2,6.3643975,1.8483232,1.960577448465231e-10,1.2125517992941299e-07,0.375609756097561,233,0.07340174,11.587982832618032,205,0.24235623,37.56097560975612,up_in_KO
P35,Cones,Dynlt1b,6.3530254,2.4612794,2.1112054108618308e-10,1.2241032872853253e-07,0.28292682926829266,233,0.03050007,6.008583690987127,205,0.15747637,28.292682926829283,up_in_KO
P35,Cones,Ldha,5.866548,0.5296225,4.449618585846058e-09,2.1725848221523096e-06,0.9170731707317074,233,2.2589521,90.12875536480652,205,2.5934353,91.7073170731708,up_in_KO
P35,Cones,Tma7,5.704665,0.63309187,1.1657198150814234e-08,5.4071913622551825e-06,0.9414634146341463,233,2.8325498,88.84120171673786,205,3.2502449,94.1463414634147,up_in_KO
P35,Cones,Gt(ROSA)26Sor,5.4725733,1.5294394,4.435469616429896e-08,1.931475354334263e-05,0.35121951219512193,233,0.076923355,12.875536480686703,205,0.20768176,35.12195121951221,up_in_KO
P35,Cones,Dynll1,5.466874,0.682624,4.5804093775308604e-08,1.931475354334263e-05,0.848780487804878,233,1.0685092,77.68240343347613,205,1.4029847,84.87804878048787,up_in_KO
P35,Cones,Eef1a1,5.3353353,0.528754,9.536828527269882e-08,3.846659054238378e-05,0.9121951219512195,233,2.1942432,86.26609442060054,205,2.525953,91.21951219512202,up_in_KO
P35,Cones,Rps6,5.319557,0.6038347,1.0402007312134963e-07,3.8599768733870425e-05,0.8731707317073171,233,1.3379184,78.54077253218857,205,1.6624429,87.31707317073177,up_in_KO
P35,Cones,Kcnb1,5.285993,0.39575136,1.2502457874932095e-07,4.227590422477704e-05,0.9804878048780488,233,1.9881812,98.28326180257471,205,2.2290893,98.04878048780495,up_in_KO
P35,Cones,Ppia,5.2808747,0.598203,1.2856845984382676e-07,4.227590422477704e-05,0.8634146341463415,233,1.3607614,79.399141630901,205,1.6843299,86.3414634146342,up_in_KO
P35,Cones,Snhg3,5.275832,1.0793048,1.3215492319915213e-07,4.227590422477704e-05,0.5853658536585366,233,0.2284275,39.05579399141625,205,0.4332408,58.536585365853696,up_in_KO
P35,Cones,Gm10076,5.267019,0.79467684,1.386569078176102e-07,4.287733779413233e-05,0.775609756097561,233,0.5743158,66.52360515021438,205,0.85269934,77.56097560975616,up_in_KO
P35,Cones,Prcd,5.226883,0.61234176,1.7239135156101202e-07,5.158950220746801e-05,0.9121951219512195,233,1.3546866,81.97424892703833,205,1.6856506,91.21951219512202,up_in_KO
P35,Cones,Paip2,5.193644,0.6350404,2.0621713346895424e-07,5.978363584973402e-05,0.8829268292682927,233,0.9188169,75.96566523605124,205,1.2057583,88.29268292682933,up_in_KO
P35,Cones,Rpl10a,5.1097474,0.58047473,3.225897665650851e-07,8.801956660071455e-05,0.8878048780487805,233,1.2395746,82.40343347639455,205,1.5411121,88.78048780487812,up_in_KO
P35,Cones,Impg1,5.053044,0.40171906,4.3482393523001117e-07,0.0001152531899179661,0.9804878048780488,233,2.1662362,96.13733905579362,205,2.4164371,98.04878048780495,up_in_KO
P35,Cones,D8Ertd738e,4.994351,0.912767,5.903393066941746e-07,0.0001441204670579436,0.6439024390243903,233,0.3108074,46.78111587982822,205,0.52252316,64.39024390243907,up_in_KO
P35,Cones,Rps25,4.967644,0.6385386,6.777110074729737e-07,0.0001571781254081694,0.8536585365853658,233,1.0657129,76.82403433476368,205,1.3768387,85.36585365853665,up_in_KO
P35,Cones,Stat1,4.890913,0.639774,1.0036930543849604e-06,0.0002216966777506971,0.8585365853658536,233,0.8129792,74.67811158798257,205,1.0834305,85.85365853658543,up_in_KO
P35,Cones,Rpl10,4.842694,0.68621737,1.2809055199486556e-06,0.00027634791880380645,0.8341463414634146,233,0.7211762,69.09871244635171,205,0.99345034,83.41463414634153,up_in_KO
P35,Cones,Rps27a,4.8019457,0.537439,1.571313583486641e-06,0.0003312971844092174,0.8926829268292683,233,1.3587904,83.6909871244632,205,1.6480203,89.2682926829269,up_in_KO
P35,Cones,Rps7,4.7450104,0.55949545,2.084956440353031e-06,0.000411534912705427,0.9024390243902439,233,1.4173316,81.97424892703833,205,1.7240325,90.24390243902445,up_in_KO
P35,Cones,Stn1,4.7095237,0.7434787,2.48296600108476e-06,0.0004798849081679858,0.7658536585365854,233,0.63039863,61.80257510729595,205,0.9044432,76.58536585365859,up_in_KO
P35,Cones,Hnrnpa2b1,4.6675053,0.35777193,3.0487879139077877e-06,0.0005656721095464509,0.9609756097560975,233,2.2615724,93.56223175965629,205,2.486413,96.09756097560982,up_in_KO
P35,Cones,Psenen,4.631068,0.70390487,3.637842354110024e-06,0.0006598243066815067,0.775609756097561,233,0.47955188,62.23175965665217,205,0.69432116,77.56097560975616,up_in_KO
P35,Cones,Opn1mw,4.6198196,0.8872459,3.840736505422158e-06,0.0006598243066815067,0.9365853658536586,233,2.9752638,82.83261802575078,205,3.566535,93.65853658536592,up_in_KO
P35,Cones,Gm47283,4.6085987,0.8344401,4.0539223709554615e-06,0.0006837861424609785,0.6926829268292682,233,0.3926214,50.214592274678,205,0.6192038,69.26829268292688,up_in_KO
P35,Cones,Cdhr1,4.601112,0.52760696,4.2024174094735775e-06,0.000696175469780114,0.9463414634146341,233,1.599807,86.69527896995676,205,1.9016687,94.63414634146349,up_in_KO
P35,Cones,Rps8,4.596149,0.533082,4.30371419820188e-06,0.0007004483616968218,0.8878048780487805,233,1.737973,83.261802575107,205,2.051613,88.78048780487812,up_in_KO
P35,Cones,Rpl13,4.5763097,0.57262325,4.732496320322433e-06,0.0007569546269591587,0.8829268292682927,233,1.4666374,79.82832618025722,205,1.7849618,88.29268292682933,up_in_KO
P35,Cones,Rps3,4.527157,0.5532855,5.978259233935081e-06,0.0009400052697155211,0.8634146341463415,233,1.1949127,78.54077253218857,205,1.4770191,86.3414634146342,up_in_KO
P35,Cones,Hsp90b1,4.4881854,0.50281435,7.183236736940672e-06,0.0010812979194349656,0.9219512195121952,233,1.8136518,86.26609442060054,205,2.113004,92.19512195121958,up_in_KO
P35,Cones,Rpl26,4.486905,0.617775,7.2265248469298125e-06,0.0010812979194349656,0.8585365853658536,233,1.056248,75.96566523605124,205,1.3553355,85.85365853658543,up_in_KO
P35,Cones,H3f3a,4.4740124,0.36308837,7.676535029429087e-06,0.0011127377416877131,0.8975609756097561,233,2.039361,87.12446351931298,205,2.2616575,89.75609756097568,up_in_KO
P35,Cones,Rps11,4.4657073,0.50597864,7.98046576602986e-06,0.0011389966294070618,0.8634146341463415,233,1.1872512,78.54077253218857,205,1.4433919,86.3414634146342,up_in_KO
P35,Cones,Rpl19,4.4527383,0.51833546,8.478208037107615e-06,0.0011917020600037476,0.8682926829268293,233,1.3512394,81.11587982832589,205,1.629152,86.829268292683,up_in_KO
P35,Cones,Gstp1,4.4480667,0.75171864,8.664662341785453e-06,0.00119973242604095,0.6926829268292682,233,0.42534283,54.506437768240204,205,0.6379548,69.26829268292688,up_in_KO
P35,Cones,Rpsa,4.413592,0.6216481,1.0166950611409489e-05,0.0013870411885594975,0.8731707317073171,233,1.2228378,76.82403433476368,205,1.5449655,87.31707317073177,up_in_KO
P35,Cones,Rps9,4.3980703,0.5664845,1.0921749741741761e-05,0.0014684213384657727,0.8536585365853658,233,1.0673345,76.39484978540746,205,1.3415617,85.36585365853665,up_in_KO
P35,Cones,Fau,4.370853,0.5250696,1.2376208831402052e-05,0.0015946401295682895,0.8780487804878049,233,1.3500602,81.11587982832589,205,1.631625,87.80487804878055,up_in_KO
P35,Cones,Selenok,4.330043,0.5510756,1.4908031107534317e-05,0.001894545268282135,0.8439024390243902,233,0.87925804,73.39055793991392,205,1.1199167,84.39024390243908,up_in_KO
P35,Cones,Usp1,4.314666,1.16887,1.5984465990650202e-05,0.0020038904188548912,0.4682926829268293,233,0.1788412,30.472103004291835,205,0.36484942,46.829268292682954,up_in_KO
P35,Cones,Unc119,4.3078413,0.32492518,1.6485543329855705e-05,0.0020391518062809516,0.9317073170731708,233,2.517247,92.70386266094384,205,2.7260637,93.17073170731715,up_in_KO
P35,Cones,Tomm20,4.288222,0.40186632,1.8010926207550884e-05,0.0021646491838080133,0.9219512195121952,233,1.9100897,87.5536480686692,205,2.1519794,92.19512195121958,up_in_KO
P35,Cones,Atp1b2,4.2858996,0.3506682,1.8200133269055193e-05,0.0021646491838080133,0.9365853658536586,233,2.0388806,92.27467811158763,205,2.2534542,93.65853658536592,up_in_KO
P35,Cones,Ybx1,4.2478275,0.5067997,2.158533906502103e-05,0.0024721875371135813,0.9170731707317074,233,1.9513202,85.83690987124432,205,2.2596083,91.7073170731708,up_in_KO
P35,Cones,Cox6a1,4.2391315,0.5346002,2.243863651795415e-05,0.00253857598752513,0.8390243902439024,233,0.9661979,75.10729613733879,205,1.2113838,83.9024390243903,up_in_KO
P35,Cones,Cst3,4.211784,0.45908606,2.5336188941470917e-05,0.002831853310964165,0.8682926829268293,233,1.8580519,83.261802575107,205,2.1328244,86.829268292683,up_in_KO
P35,Cones,Bola2,4.1957955,1.0224208,2.719153835816787e-05,0.003003046444627659,0.43414634146341463,233,0.13007061,25.751072961373406,205,0.24855307,43.41463414634149,up_in_KO
P35,Cones,Dbndd2,4.1862555,0.7357849,2.83594158827444e-05,0.0030951800134614094,0.6926829268292682,233,0.38732156,54.506437768240204,205,0.5809514,69.26829268292688,up_in_KO
P35,Cones,Gabarapl2,4.173755,0.42471957,2.99619848146513e-05,0.003232062013087443,0.8780487804878049,233,1.1577638,80.25751072961344,205,1.368641,87.80487804878055,up_in_KO
P35,Cones,Rps17,4.168342,0.49598277,3.068230010817028e-05,0.003271720667856272,0.8536585365853658,233,0.9898157,77.68240343347613,205,1.2191817,85.36585365853665,up_in_KO
P35,Cones,Rps2,4.1612616,0.59277713,3.1649462847375364e-05,0.0033072889215587705,0.8731707317073171,233,1.1244416,75.53648068669501,205,1.4194096,87.31707317073177,up_in_KO
P35,Cones,Ctnnbip1,4.1606894,1.3163054,3.172886860178189e-05,0.0033072889215587705,0.4,233,0.12725434,24.034334763948515,205,0.29113477,40.00000000000002,up_in_KO
P35,Cones,Srsf3,4.1146793,0.47948462,3.8771762337852227e-05,0.003909626513133208,0.8682926829268293,233,1.0405077,79.399141630901,205,1.2676182,86.829268292683,up_in_KO
P35,Cones,Rps5,4.105768,0.56902415,4.029737293467314e-05,0.004019771276504975,0.8390243902439024,233,0.8246731,71.24463519313281,205,1.0649137,83.9024390243903,up_in_KO
P35,Cones,Snx9,4.094821,1.2485576,4.2249501884171695e-05,0.0041696662657389446,0.33170731707317075,233,0.11097278,16.738197424892714,205,0.24597095,33.17073170731709,up_in_KO
P35,Cones,Ndufb8,4.069307,0.5261136,4.715324684342353e-05,0.004463680315984082,0.8536585365853658,233,1.0259819,76.39484978540746,205,1.2746472,85.36585365853665,up_in_KO
P35,Cones,Atp5h,4.064209,0.4722976,4.8195658080199324e-05,0.004516273939495042,0.8780487804878049,233,1.3058091,80.25751072961344,205,1.5545208,87.80487804878055,up_in_KO
P35,Cones,Rpl11,4.057124,0.49280852,4.968070473149573e-05,0.0045632465128127315,0.848780487804878,233,1.0989951,80.25751072961344,205,1.3391973,84.87804878048787,up_in_KO
P35,Cones,Hmga1,4.0077996,0.9322981,6.128713410262779e-05,0.005574124932059588,0.4926829268292683,233,0.18360351,33.47639484978538,205,0.3254115,49.26829268292686,up_in_KO
P35,Cones,Atf4,4.004104,0.5990112,6.225288875050861e-05,0.005579173252746974,0.7804878048780488,233,0.6871894,68.66952789699549,205,0.9149631,78.04878048780493,up_in_KO
P35,Cones,D630023F18Rik,4.0021276,2.2385745,6.277540966686247e-05,0.005579173252746974,0.14634146341463414,233,0.022030372,3.862660944206009,205,0.0999555,14.634146341463419,up_in_KO
P35,Cones,Zmym5,3.9971528,0.6519612,6.410894075364801e-05,0.005579173252746974,0.7902439024390244,233,0.60040575,61.80257510729595,205,0.8298436,79.0243902439025,up_in_KO
P35,Cones,Cox6c,3.9962652,0.47091213,6.434963221342311e-05,0.005579173252746974,0.8926829268292683,233,1.4942085,81.54506437768211,205,1.7560811,89.2682926829269,up_in_KO
P35,Cones,Atp5g1,3.989126,0.5394209,6.631721441725164e-05,0.005696525908785588,0.848780487804878,233,1.2377591,75.96566523605124,205,1.516822,84.87804878048787,up_in_KO
P35,Cones,Rpl3,3.977014,0.49365225,6.978602165526763e-05,0.005937577852184633,0.8682926829268293,233,1.301824,79.82832618025722,205,1.5618876,86.829268292683,up_in_KO
P35,Cones,Ppp1ca,3.974918,0.63530374,7.040353171718331e-05,0.005937577852184633,0.6926829268292682,233,0.38520446,54.07725321888398,205,0.5480649,69.26829268292688,up_in_KO
P35,Cones,Xiap,3.9680514,0.35998446,7.246267418951888e-05,0.006038890148974223,0.9512195121951219,233,1.6068548,91.41630901287519,205,1.8110874,95.12195121951227,up_in_KO
P35,Cones,Rpl27a,3.956935,0.46629706,7.591761448522694e-05,0.006114832594190268,0.8439024390243902,233,1.0483986,77.2532188841199,205,1.2697992,84.39024390243908,up_in_KO
P35,Cones,Rps16,3.9538996,0.5002242,7.688770211504985e-05,0.006114832594190268,0.8634146341463415,233,1.090248,79.82832618025722,205,1.3332951,86.3414634146342,up_in_KO
P35,Cones,Neurod1,3.9538178,0.51184005,7.691398378525218e-05,0.006114832594190268,0.926829268292683,233,2.1194596,86.69527896995676,205,2.4377115,92.68292682926837,up_in_KO
P35,Cones,Rbm42,3.9531803,0.7218302,7.711926415007668e-05,0.006114832594190268,0.6,233,0.2873192,44.206008583690895,205,0.43758363,60.00000000000004,up_in_KO
P35,Cones,Rpl27,3.9453037,0.45837617,7.969888798033494e-05,0.006213164569693842,0.8439024390243902,233,1.1951141,78.11158798283235,205,1.4268584,84.39024390243908,up_in_KO
P35,Cones,Atmin,3.9410796,1.4675286,8.111567060639249e-05,0.006219442797510483,0.2731707317073171,233,0.06784863,13.304721030042927,205,0.17743099,27.31707317073172,up_in_KO
P35,Cones,Zfpm1,3.941066,0.9215455,8.11202520748915e-05,0.006219442797510483,0.4195121951219512,233,0.15679878,24.463519313304737,205,0.2788054,41.951219512195145,up_in_KO
P35,Cones,Hmgn1,3.9250543,0.42615,8.671014898202908e-05,0.0065935250172646205,0.9219512195121952,233,2.1139903,87.12446351931298,205,2.378004,92.19512195121958,up_in_KO
P35,Cones,Rpl15,3.9063437,0.4943516,9.370323586300227e-05,0.007010362250815097,0.8536585365853658,233,1.1483992,75.53648068669501,205,1.3945361,85.36585365853665,up_in_KO
P35,Cones,Uqcrh,3.8910923,0.4358928,9.979396991128903e-05,0.007347529038627209,0.8536585365853658,233,1.0830439,78.96995708154478,205,1.2927537,85.36585365853665,up_in_KO
P35,Cones,Cox6b1,3.8698175,0.402928,0.00010891684168861725,0.007893918283947674,0.8146341463414634,233,0.9978467,77.2532188841199,205,1.1830031,81.4634146341464,up_in_KO
P35,Cones,Nptx1,3.8545544,0.7236447,0.0001159405395187987,0.008273695270122273,0.6439024390243903,233,0.39469305,48.927038626609324,205,0.5873059,64.39024390243907,up_in_KO
P35,Cones,A930003A15Rik,3.8512628,0.4439829,0.00011751034603564041,0.008321705955516307,0.8829268292682927,233,1.3561708,80.68669527896967,205,1.5932264,88.29268292682933,up_in_KO
P35,Cones,Rps21,3.8432572,0.501992,0.00012141206139081705,0.008532876466080377,0.8878048780487805,233,1.208872,79.82832618025722,205,1.4650074,88.78048780487812,up_in_KO
P35,Cones,Pcare,3.8384333,0.4936093,0.00012382191623345259,0.008636811405246162,0.9073170731707317,233,0.8571934,78.96995708154478,205,1.0681376,90.73170731707324,up_in_KO
P35,Cones,Ndufb6,3.8160076,0.56980145,0.00013562834958303965,0.009320179252458214,0.6829268292682927,233,0.42378134,58.79828326180241,205,0.57847446,68.29268292682931,up_in_KO
P35,Cones,Agr2,3.799606,0.8408464,0.0001449262251256022,0.009796301977044378,0.5804878048780487,233,0.41287547,42.06008583690979,205,0.6499963,58.04878048780492,up_in_KO
P35,Cones,Gngt1,3.798244,0.4724068,0.00014572487580382927,0.009796301977044378,0.9073170731707317,233,2.8849947,89.6995708154503,205,3.196723,90.73170731707324,up_in_KO
P35,Cones,Spcs1,3.7953105,0.57061803,0.00014745884559268365,0.009813509081677314,0.7658536585365854,233,0.5368144,65.23605150214571,205,0.7204118,76.58536585365859,up_in_KO
P35,Cones,Rpl37,3.7942398,0.52297294,0.00014809650441250662,0.009813509081677314,0.8439024390243902,233,0.87683433,75.53648068669501,205,1.1040616,84.39024390243908,up_in_KO
P35,Cones,Hspd1,3.7921731,0.49753767,0.00014933478945706972,0.00981658294182697,0.848780487804878,233,0.9186108,76.82403433476368,205,1.1397225,84.87804878048787,up_in_KO
P35,Cones,Rpl18,3.7906406,0.45878127,0.00015025921933161903,0.00981658294182697,0.8195121951219512,233,0.8853193,75.53648068669501,205,1.0841024,81.95121951219518,up_in_KO
P35,Cones,Eif1,3.7835348,0.3978954,0.00015461665137477166,0.010030620103522774,0.8926829268292683,233,2.009282,83.6909871244632,205,2.2522304,89.2682926829269,up_in_KO
P35,Cones,Rps18,3.7548606,0.5175057,0.00017343787453095902,0.011038810364620556,0.8146341463414634,233,0.96334726,74.67811158798257,205,1.1998575,81.4634146341464,up_in_KO
P35,Cones,Fbl,3.7528448,0.881965,0.00017483907879259925,0.011038810364620556,0.43414634146341463,233,0.15885364,27.89699570815451,205,0.27557087,43.41463414634149,up_in_KO
P35,Cones,Cox7a2l,3.7518182,0.5070594,0.00017555673685024147,0.011038810364620556,0.8195121951219512,233,0.92104256,74.24892703862636,205,1.1469731,81.95121951219518,up_in_KO
P35,Cones,C1qbp,3.7503006,0.78074306,0.0001766226183302688,0.011038810364620556,0.5756097560975609,233,0.26789993,42.06008583690979,205,0.42383036,57.560975609756134,up_in_KO
P35,Cones,Rps19,3.7493453,0.63453263,0.00017729683565036788,0.011038810364620556,0.7414634146341463,233,0.50994015,60.51502145922729,205,0.70934856,74.14634146341469,up_in_KO
P35,Cones,Tubb5,3.7461379,0.510347,0.0001795779307023653,0.011106296420838952,0.8390243902439024,233,0.9896848,74.67811158798257,205,1.2260594,83.9024390243903,up_in_KO
P35,Cones,Polr2j,3.7254577,0.70994854,0.00019496115998518851,0.011744510916770088,0.5902439024390244,233,0.28211433,47.21030042918444,205,0.42731753,59.02439024390248,up_in_KO
P35,Cones,Rpl14,3.7199688,0.4891964,0.00019924747323236063,0.011848838520362882,0.8634146341463415,233,1.2204937,78.54077253218857,205,1.4709003,86.3414634146342,up_in_KO
P35,Cones,Rpl36,3.7016768,0.5181382,0.0002141793088602636,0.012575578786687755,0.848780487804878,233,0.8305499,73.81974248927014,205,1.048713,84.87804878048787,up_in_KO
P35,Cones,Cuta,3.699835,0.63597226,0.0002157397322489415,0.012587531421845474,0.6682926829268293,233,0.376721,54.506437768240204,205,0.5370454,66.82926829268297,up_in_KO
P35,Cones,Trir,3.696878,0.6274456,0.00021826720863572788,0.012655405590710296,0.6731707317073171,233,0.41564634,56.65236051502131,205,0.5856325,67.31707317073176,up_in_KO
P35,Cones,Junb,3.695075,1.3783619,0.0002198218630982851,0.012657910067745463,0.25365853658536586,233,0.06060823,12.017167381974255,205,0.1505194,25.365853658536597,up_in_KO
P35,Cones,Dad1,3.688119,0.5283778,0.00022591813713780277,0.012779527794069491,0.824390243902439,233,0.72875315,71.24463519313281,205,0.93486375,82.43902439024396,up_in_KO
P35,Cones,Rpl8,3.675413,0.45105204,0.0002374651617000546,0.013270869307779556,0.8829268292682927,233,1.2997658,80.68669527896967,205,1.5364054,88.29268292682933,up_in_KO
P35,Cones,Rpl18a,3.671413,0.52250785,0.0002412132115594347,0.013399610560699854,0.8536585365853658,233,0.9290879,75.10729613733879,205,1.1634406,85.36585365853665,up_in_KO
P35,Cones,mt-Atp8,3.6658459,0.40932298,0.00024652234426200345,0.013613022545944084,0.9609756097560975,233,1.4130961,90.12875536480652,205,1.6348114,96.09756097560982,up_in_KO
P35,Cones,Ndufa4,3.6612535,0.43800756,0.00025098427859805017,0.013777403269550955,0.9121951219512195,233,1.9926912,84.97854077253187,205,2.2599444,91.21951219512202,up_in_KO
P35,Cones,Eif3b,3.657776,0.56171775,0.00025441318125097586,0.013883476955678252,0.8048780487804879,233,0.76579154,68.66952789699549,205,0.99268025,80.48780487804883,up_in_KO
P35,Cones,Lsm8,3.6465209,0.7546874,0.0002658147957071489,0.01425567045049469,0.526829268292683,233,0.24347837,38.62660944206003,205,0.38195306,52.682926829268325,up_in_KO
P35,Cones,Npm1,3.6464932,0.45121437,0.0002658435903778788,0.01425567045049469,0.8390243902439024,233,1.1335143,77.2532188841199,205,1.3558518,83.9024390243903,up_in_KO
P35,Cones,Dctn6,3.6381059,0.6342617,0.00027465048055289395,0.014643290276374697,0.6634146341463415,233,0.3846081,54.93562231759642,205,0.5469733,66.34146341463419,up_in_KO
P35,Cones,Klhdc2,3.6361396,0.6152182,0.0002767543168357322,0.014671141698771931,0.6682926829268293,233,0.4065975,56.65236051502131,205,0.57013065,66.82926829268297,up_in_KO
P35,Cones,Rpl21,3.633795,0.4640195,0.0002792828486141906,0.01472106242382867,0.8926829268292683,233,1.4933863,83.261802575107,205,1.7512537,89.2682926829269,up_in_KO
P35,Cones,Ide,3.6303127,0.6306051,0.0002830779848866484,0.014836804891488345,0.6926829268292682,233,0.45826137,55.36480686695264,205,0.64186,69.26829268292688,up_in_KO
P35,Cones,Rpl34,3.6240706,0.48305726,0.00029000232666024137,0.015029897119704242,0.848780487804878,233,0.9336831,75.10729613733879,205,1.1498939,84.87804878048787,up_in_KO
P35,Cones,Ociad1,3.60809,0.45429695,0.0003084597080845454,0.015645721693635324,0.8634146341463415,233,0.8767702,78.11158798283235,205,1.0724201,86.3414634146342,up_in_KO
P35,Cones,Tbcc,3.607946,0.79512745,0.0003086307071181702,0.015645721693635324,0.5170731707317073,233,0.23390569,39.05579399141625,205,0.37656963,51.70731707317076,up_in_KO
P35,Cones,mt-Nd4l,3.5941737,0.28233495,0.00032542269253805996,0.016208568407968495,0.9658536585365853,233,2.4009533,96.13733905579362,205,2.5804126,96.58536585365862,up_in_KO
P35,Cones,Fbxw21,3.5941124,1.1409978,0.00032549936828188744,0.016208568407968495,0.2926829268292683,233,0.113849,15.450643776824045,205,0.23580357,29.268292682926845,up_in_KO
P35,Cones,Polr2b,3.588398,0.5102768,0.000332716141681806,0.016208568407968495,0.775609756097561,233,0.5461485,64.37768240343328,205,0.71044654,77.56097560975616,up_in_KO
P35,Cones,Rplp1,3.5873098,0.5124059,0.00033410737585193637,0.016208568407968495,0.8780487804878049,233,1.5485542,79.82832618025722,205,1.8380764,87.80487804878055,up_in_KO
P35,Cones,Tnc,3.5870554,2.7413297,0.00033443328868456744,0.016208568407968495,0.14146341463414633,233,0.018751722,4.721030042918456,205,0.119180486,14.146341463414638,up_in_KO
P35,Cones,Tmem30a,3.5862572,0.5193883,0.0003354581367176837,0.016208568407968495,0.8292682926829268,233,0.8735536,71.67381974248903,205,1.0986469,82.92682926829275,up_in_KO
P35,Cones,Nip7,3.5697687,0.79368645,0.00035729675008049983,0.01713659758711802,0.3902439024390244,233,0.13481154,23.605150214592292,205,0.22328791,39.02439024390246,up_in_KO
P35,Cones,Eif3j1,3.5689905,0.6806376,0.0003583593760807261,0.01713659758711802,0.624390243902439,233,0.36038548,50.214592274678,205,0.5279464,62.439024390243944,up_in_KO
P35,Cones,Rps4x,3.563555,0.48867956,0.0003658660572205985,0.017405843142746114,0.848780487804878,233,1.0670838,77.2532188841199,205,1.301736,84.87804878048787,up_in_KO
P35,Cones,Naca,3.5564845,0.4270647,0.00037585083812610297,0.01766141928422212,0.8682926829268293,233,1.2310075,78.96995708154478,205,1.4492613,86.829268292683,up_in_KO
P35,Cones,Cfap298,3.5561416,0.55921453,0.00037634123997513653,0.01766141928422212,0.7219512195121951,233,0.49512982,57.939914163089966,205,0.66478187,72.19512195121956,up_in_KO
P35,Cones,Pitpnb,3.555717,0.5624114,0.0003769495546271402,0.01766141928422212,0.7121951219512195,233,0.44636074,59.22746781115863,205,0.60477144,71.21951219512201,up_in_KO
P35,Cones,2300009A05Rik,3.5487506,0.57729524,0.0003870633076663882,0.01804133464147263,0.7560975609756098,233,0.50791967,61.80257510729595,205,0.6868696,75.60975609756103,up_in_KO
P35,Cones,Gm11750,3.5375586,0.9692963,0.00040384450156910774,0.018637946425322054,0.32682926829268294,233,0.123529024,18.45493562231761,205,0.22906864,32.68292682926831,up_in_KO
P35,Cones,Rpl9,3.5355663,0.46800762,0.0004069019078618748,0.018637946425322054,0.8731707317073171,233,1.578422,81.54506437768211,205,1.8439701,87.31707317073177,up_in_KO
P35,Cones,Nsmce4a,3.5332859,0.5908459,0.0004104282563872496,0.018637946425322054,0.7219512195121951,233,0.47063577,58.36909871244619,205,0.6445878,72.19512195121956,up_in_KO
P35,Cones,Vtn,3.5258865,0.5074597,0.0004220679089885985,0.018645352341367754,0.8829268292682927,233,1.3201184,81.54506437768211,205,1.5893432,88.29268292682933,up_in_KO
P35,Cones,Mrpl34,3.5236692,0.52071637,0.000425615028554877,0.018712941326557316,0.7560975609756098,233,0.5204591,62.23175965665217,205,0.68289036,75.60975609756103,up_in_KO
P35,Cones,Rpl35,3.5211778,0.55195874,0.0004296346215244089,0.018800567848499723,0.7658536585365854,233,0.5719745,63.09012875536462,205,0.75680816,76.58536585365859,up_in_KO
P35,Cones,Lyar,3.5092425,0.4724444,0.0004493849974049664,0.019572509957398468,0.8390243902439024,233,0.99918926,75.10729613733879,205,1.2181683,83.9024390243903,up_in_KO
P35,Cones,Hmgn2,3.5064213,0.44233343,0.00045417550169920905,0.019597144787272383,0.8536585365853658,233,1.1282078,78.96995708154478,205,1.345485,85.36585365853665,up_in_KO
P35,Cones,Rpl30,3.5004492,0.46458912,0.00046447484381478723,0.019922207719410515,0.8780487804878049,233,1.2462989,79.399141630901,205,1.4858437,87.80487804878055,up_in_KO
P35,Cones,Rps24,3.499573,0.45711046,0.0004660039964548972,0.019922207719410515,0.8926829268292683,233,1.6923779,82.83261802575078,205,1.9579417,89.2682926829269,up_in_KO
P35,Cones,Rpl23,3.4973345,0.49859416,0.00046993221800913033,0.019997987093902304,0.8634146341463415,233,1.2483938,77.68240343347613,205,1.5064149,86.3414634146342,up_in_KO
P35,Cones,Tpt1,3.4950275,0.47348097,0.0004740127317772923,0.020058526405565564,0.8926829268292683,233,1.6450322,82.83261802575078,205,1.917713,89.2682926829269,up_in_KO
P35,Cones,Rpl28,3.4940908,0.46461487,0.0004756791860757167,0.020058526405565564,0.8536585365853658,233,0.96960163,76.82403433476368,205,1.1813681,85.36585365853665,up_in_KO
P35,Cones,Rplp2,3.4916434,0.42302394,0.00048005884166155225,0.020070951763814272,0.8439024390243902,233,1.1408027,79.399141630901,205,1.3493181,84.39024390243908,up_in_KO
P35,Cones,Timm13,3.4915087,0.57961184,0.00048030088299738806,0.020070951763814272,0.7268292682926829,233,0.45536864,60.51502145922729,205,0.62161326,72.68292682926834,up_in_KO
P35,Cones,Stoml2,3.489304,0.5872915,0.0004842801158472311,0.02014648715118728,0.5317073170731708,233,0.21721244,35.62231759656648,205,0.31078807,53.17073170731711,up_in_KO
P35,Cones,Tmsb4x,3.4773328,0.5020999,0.0005064288543098482,0.02070161987530323,0.8682926829268293,233,1.1121507,75.96566523605124,205,1.3585267,86.829268292683,up_in_KO
P35,Cones,Rnf7,3.476016,0.5237944,0.000508921993225498,0.02070161987530323,0.7317073170731707,233,0.5402419,64.37768240343328,205,0.7080469,73.17073170731713,up_in_KO
P35,Cones,Hsbp1l1,3.4760106,0.5315891,0.0005089320224534364,0.02070161987530323,0.7902439024390244,233,0.6325036,66.09442060085816,205,0.8221593,79.0243902439025,up_in_KO
P35,Cones,Ndufb2,3.47382,0.4751783,0.0005131051354942698,0.02070161987530323,0.8146341463414634,233,0.67369324,69.52789699570793,205,0.84866565,81.4634146341464,up_in_KO
P35,Cones,Fkbp2,3.473747,0.6048949,0.000513244860549719,0.02070161987530323,0.7024390243902439,233,0.4449402,55.36480686695264,205,0.6164229,70.24390243902444,up_in_KO
P35,Cones,Rps20,3.4661763,0.48990065,0.0005279168898412135,0.021201233710203195,0.8390243902439024,233,1.0222594,75.53648068669501,205,1.2524748,83.9024390243903,up_in_KO
P35,Cones,Mrpl41,3.4634283,0.55883807,0.0005333385743339719,0.021296010495143985,0.6682926829268293,233,0.4048696,55.36480686695264,205,0.5511377,66.82926829268297,up_in_KO
P35,Cones,Ckb,3.4615052,0.4577898,0.0005371635718296532,0.021296010495143985,0.9317073170731708,233,2.8067272,88.84120171673786,205,3.1074836,93.17073170731715,up_in_KO
P35,Cones,Nab1,3.459795,0.72266597,0.0005405868625339475,0.021340529037138,0.5414634146341464,233,0.26819006,39.48497854077247,205,0.41052103,54.14634146341467,up_in_KO
P35,Cones,Kpna2,3.454841,0.5796586,0.0005506176532430718,0.02149633184323974,0.7414634146341463,233,0.7436575,66.09442060085816,205,0.97431344,74.14634146341469,up_in_KO
P35,Cones,Fth1,3.4544165,0.4158873,0.0005514850683077566,0.02149633184323974,0.8926829268292683,233,2.1658816,83.6909871244632,205,2.4250197,89.2682926829269,up_in_KO
P35,Cones,Nap1l1,3.4471264,0.32050478,0.0005665832389853196,0.02196730030188811,0.9219512195121952,233,1.940674,89.6995708154503,205,2.1338065,92.19512195121958,up_in_KO
P35,Cones,Ndufb7,3.4376013,0.518559,0.0005868912849277114,0.02259166161939576,0.8048780487804879,233,0.60812813,66.52360515021438,205,0.78800607,80.48780487804883,up_in_KO
P35,Cones,Cetn2,3.4345486,0.5480229,0.0005935413948405345,0.02269227647860673,0.7219512195121951,233,0.48146534,60.08583690987107,205,0.64407,72.19512195121956,up_in_KO
P35,Cones,Atp6v0b,3.434158,0.4194814,0.0005943972387950238,0.02269227647860673,0.8829268292682927,233,1.1630068,79.399141630901,205,1.3716288,88.29268292682933,up_in_KO
P35,Cones,Rpl32,3.4254096,0.44341633,0.0006138734536373184,0.023158670460605872,0.8195121951219512,233,0.9335178,76.39484978540746,205,1.1310154,81.95121951219518,up_in_KO
P35,Cones,Rtbdn,3.4092371,0.35745546,0.0006514483879055638,0.02436889796209643,0.9365853658536586,233,2.2112284,90.55793991416274,205,2.4346578,93.65853658536592,up_in_KO
P35,Cones,Ppp4r3a,3.4045503,0.59405386,0.0006627309236659652,0.024691384654012688,0.6682926829268293,233,0.42217323,55.79399141630886,205,0.5838287,66.82926829268297,up_in_KO
P35,Cones,Pdia6,3.402124,0.56799424,0.0006686431627844408,0.024761115181413856,0.6926829268292682,233,0.4739109,57.510729613733744,205,0.6412023,69.26829268292688,up_in_KO
P35,Cones,Atp5e,3.4015942,0.43637177,0.0006699407039490006,0.024761115181413856,0.8341463414634146,233,0.93172127,75.96566523605124,205,1.1257094,83.41463414634153,up_in_KO
P35,Cones,Tmbim6,3.3898172,0.40804374,0.0006993924069377387,0.025747076822069056,0.9073170731707317,233,1.5455548,82.83261802575078,205,1.7744383,90.73170731707324,up_in_KO
P35,Cones,Hprt,3.3677287,0.41159046,0.0007579015223410292,0.027465048526397376,0.8926829268292683,233,1.1502478,81.54506437768211,205,1.3537104,89.2682926829269,up_in_KO
P35,Cones,Rps14,3.360499,0.4420506,0.000778018221371648,0.028084338675738438,0.8634146341463415,233,1.358747,80.25751072961344,205,1.5949229,86.3414634146342,up_in_KO
P35,Cones,Tnfsf12,3.3581126,0.4121201,0.0007847666240905078,0.028215942542754276,0.8829268292682927,233,1.0919956,80.25751072961344,205,1.2905966,88.29268292682933,up_in_KO
P35,Cones,Dynlt1a,3.3570647,1.16903,0.0007877470215127043,0.028215942542754276,0.22439024390243903,233,0.058449045,10.729613733905586,205,0.12693717,22.439024390243915,up_in_KO
P35,Cones,Eif1a,3.3554618,0.43362838,0.0007923256349417205,0.028270788135978234,0.8634146341463415,233,1.1029713,78.96995708154478,205,1.3134416,86.3414634146342,up_in_KO
P35,Cones,Rps13,3.350339,0.4385469,0.0008071272817526067,0.028688581581681732,0.8536585365853658,233,1.0202606,75.96566523605124,205,1.2249748,85.36585365853665,up_in_KO
P35,Cones,Gapdh,3.3453832,0.32641247,0.0008216894991062402,0.028957588805204593,0.9073170731707317,233,2.7708757,89.27038626609408,205,2.9843698,90.73170731707324,up_in_KO
P35,Cones,Polr2g,3.3398166,0.4680181,0.0008383374417911752,0.029255987596549755,0.7024390243902439,233,0.4396483,59.22746781115863,205,0.5674442,70.24390243902444,up_in_KO
P35,Cones,Poglut3,3.3382611,2.12395,0.0008430448950922393,0.029291863265058816,0.1024390243902439,233,0.014082714,2.575107296137339,205,0.059983294,10.243902439024392,up_in_KO
P35,Cones,Psmb3,3.3343875,0.44908506,0.0008548745714513661,0.029537400395663025,0.7609756097560976,233,0.6175653,70.81545064377659,205,0.77307373,76.09756097560981,up_in_KO
P35,Cones,Gm10544,3.333866,0.4629389,0.000856479541493301,0.029537400395663025,0.7707317073170732,233,0.66949755,66.52360515021438,205,0.83894134,77.07317073170738,up_in_KO
P35,Cones,Tceal8,3.3277535,0.6953382,0.0008754931404929496,0.02997029470240994,0.5219512195121951,233,0.22040491,36.90987124463515,205,0.335958,52.19512195121955,up_in_KO
P35,Cones,Tapt1,3.3255188,0.48910698,0.000882541516285489,0.030100506053604714,0.848780487804878,233,0.6887653,72.53218884120147,205,0.87183803,84.87804878048787,up_in_KO
P35,Cones,Zcrb1,3.310597,0.42174262,0.0009309717953364208,0.03140591034667627,0.7902439024390244,233,0.7463158,70.81545064377659,205,0.9106118,79.0243902439025,up_in_KO
P35,Cones,Rpl7a,3.3076625,0.4282525,0.0009407813619313934,0.031621843096512815,0.8439024390243902,233,1.0039371,75.53648068669501,205,1.2019365,84.39024390243908,up_in_KO
P35,Cones,Sod2,3.3057127,0.4162604,0.0009473519120678914,0.03171000900378309,0.8146341463414634,233,0.74428517,73.81974248927014,205,0.9060379,81.4634146341464,up_in_KO
P35,Cones,Brd3,3.3048594,0.56792694,0.0009502406492456288,0.03171000900378309,0.6292682926829268,233,0.3778112,51.50214592274666,205,0.5191196,62.92682926829273,up_in_KO
P35,Cones,Slc25a5,3.3013499,0.4492914,0.000962207910957228,0.03199427523279643,0.8634146341463415,233,1.5020188,80.25751072961344,205,1.7520063,86.3414634146342,up_in_KO
P35,Cones,Rpl7,3.2997088,0.43790656,0.0009678519290092896,0.03206700837649707,0.8439024390243902,233,1.1083939,78.11158798283235,205,1.3215483,84.39024390243908,up_in_KO
P35,Cones,Hnrnpa1,3.2964208,0.4028193,0.0009792520266480966,0.032223675360482984,0.8878048780487805,233,0.965338,78.11158798283235,205,1.1471759,88.78048780487812,up_in_KO
P35,Cones,Samd7,3.2859268,0.65985686,0.001016473930665246,0.03332094931018193,0.6487804878048781,233,0.572368,49.78540772532177,205,0.79769987,64.87804878048784,up_in_KO
P35,Cones,Txn2,3.2702649,0.49181908,0.0010744681778723736,0.03473115430704533,0.7121951219512195,233,0.476871,61.373390557939736,205,0.6201649,71.21951219512201,up_in_KO
P35,Cones,Lamtor5,3.268618,0.48581347,0.001080740443654168,0.034812601027012904,0.7219512195121951,233,0.47069997,61.80257510729595,205,0.61073565,72.19512195121956,up_in_KO
P35,Cones,Dalrd3,3.2649744,0.62155575,0.0010947394857221012,0.03514151629426966,0.5560975609756098,233,0.26520547,41.201716738197355,205,0.38339028,55.60975609756101,up_in_KO
P35,Cones,Spry2,3.2493846,1.058562,0.0011565496585484924,0.03653732468185301,0.2,233,0.05706841,9.012875536480692,205,0.1154001,20.00000000000001,up_in_KO
P35,Cones,Sap18,3.2476885,0.55761623,0.0011634656068629126,0.03653732468185301,0.6585365853658537,233,0.34716135,53.21888412017154,205,0.47677925,65.85365853658541,up_in_KO
P35,Cones,Alpk2,3.247144,1.6934725,0.0011656944502207865,0.03653732468185301,0.16585365853658537,233,0.041689742,6.866952789699574,205,0.12899907,16.585365853658544,up_in_KO
P35,Cones,Sptssa,3.2471201,0.3606165,0.0011657915388410573,0.03653732468185301,0.8878048780487805,233,1.1748303,81.54506437768211,205,1.3540324,88.78048780487812,up_in_KO
P35,Cones,Rpl17,3.2431326,0.45586652,0.0011822317362608237,0.036927824300645326,0.8682926829268293,233,1.2605234,76.82403433476368,205,1.496586,86.829268292683,up_in_KO
P35,Cones,Ube2n,3.2419207,0.4648921,0.0011872700035021068,0.03696075108217801,0.7951219512195122,233,0.70073485,69.95708154506414,205,0.87598526,79.51219512195128,up_in_KO
P35,Cones,Idh3b,3.239791,0.45954874,0.0011961740064156826,0.03698968752506095,0.7951219512195122,233,0.585128,66.9527896995706,205,0.7388458,79.51219512195128,up_in_KO
P35,Cones,Rpl36al,3.236339,0.5004958,0.0012107348363226546,0.03720145075436458,0.7317073170731707,233,0.48956853,62.23175965665217,205,0.63844895,73.17073170731713,up_in_KO
P35,Cones,Rbm7,3.231287,0.5058906,0.0012323408916243845,0.037574907724053384,0.7365853658536585,233,0.47713855,59.22746781115863,205,0.62501186,73.65853658536591,up_in_KO
P35,Cones,Tsg101,3.2302105,0.36096054,0.0012369907249126086,0.037574907724053384,0.8682926829268293,233,1.1543038,82.40343347639455,205,1.33216,86.829268292683,up_in_KO
P35,Cones,Cox5b,3.229654,0.42819336,0.001239400858419784,0.037574907724053384,0.848780487804878,233,1.0950357,75.96566523605124,205,1.3020111,84.87804878048787,up_in_KO
P35,Cones,Clta,3.2166467,0.48115638,0.0012969822795795873,0.03912691570497537,0.8780487804878049,233,0.8610802,74.24892703862636,205,1.066898,87.80487804878055,up_in_KO
P35,Cones,Cct3,3.2141824,0.45633256,0.0013081653377271234,0.039169950422016785,0.775609756097561,233,0.65081227,66.9527896995706,205,0.81461376,77.56097560975616,up_in_KO
P35,Cones,Ppa1,3.2108026,0.50031155,0.001323648006933696,0.03948386675345304,0.8634146341463415,233,1.0668232,73.81974248927014,205,1.3073218,86.3414634146342,up_in_KO
P35,Cones,Hsp90aa1,3.207653,0.33156443,0.0013382279227986131,0.03975990058880695,0.9365853658536586,233,2.7323163,90.12875536480652,205,2.9486897,93.65853658536592,up_in_KO
P35,Cones,Ndufs7,3.2060387,0.45049334,0.00134575927399864,0.03975990058880695,0.7853658536585366,233,0.5902611,70.38626609442036,205,0.74160415,78.53658536585371,up_in_KO
P35,Cones,Rpl37a,3.2032177,0.42046866,0.0013590123441133883,0.03993273670448232,0.824390243902439,233,0.8757766,75.53648068669501,205,1.055947,82.43902439024396,up_in_KO
P35,Cones,Calr,3.2029622,0.416799,0.0013602182600642894,0.03993273670448232,0.824390243902439,233,0.8620739,75.10729613733879,205,1.038974,82.43902439024396,up_in_KO
P35,Cones,Chchd2,3.1909528,0.38966927,0.0014180445416795081,0.04136855098478238,0.8682926829268293,233,1.6701304,79.399141630901,205,1.894654,86.829268292683,up_in_KO
P35,Cones,Lsm5,3.179578,0.7116888,0.0014748960033837983,0.042624953966951706,0.44878048780487806,233,0.17815602,32.618025751072935,205,0.27715778,44.87804878048783,up_in_KO
P35,Cones,Eef1b2,3.1784134,0.5058248,0.001480835019062402,0.04266368469516119,0.7658536585365854,233,0.6375551,66.09442060085816,205,0.81817865,76.58536585365859,up_in_KO
P35,Cones,Psma1,3.1768165,0.48760676,0.0014890119083732609,0.04276645038383511,0.7560975609756098,233,0.5617074,68.24034334763927,205,0.72111505,75.60975609756103,up_in_KO
P35,Cones,Tm9sf2,3.1734118,0.45061204,0.0015065859672643781,0.04313764820466554,0.7365853658536585,233,0.524454,60.51502145922729,205,0.66389024,73.65853658536591,up_in_KO
P35,Cones,Rabggtb,3.1613445,0.5349749,0.0015704265622687617,0.04450190658382458,0.6585365853658537,233,0.41162968,54.93562231759642,205,0.55267614,65.85365853658541,up_in_KO
P35,Cones,Ndufa13,3.1605313,0.46916112,0.0015748163441538052,0.04450190658382458,0.7707317073170732,233,0.6191882,67.81115879828305,205,0.7824988,77.07317073170738,up_in_KO
P35,Cones,Ndufb10,3.1598492,0.43808892,0.0015785079717696277,0.04450190658382458,0.7707317073170732,233,0.7120768,71.24463519313281,205,0.8782106,77.07317073170738,up_in_KO
P35,Cones,Atp5d,3.1596205,0.45142958,0.001579747011120674,0.04450190658382458,0.8341463414634146,233,0.8640446,72.10300429184525,205,1.0567739,83.41463414634153,up_in_KO
P35,Cones,Gpbp1,3.158893,0.39008293,0.0015836955467439962,0.04450190658382458,0.848780487804878,233,0.9260587,78.11158798283235,205,1.097899,84.87804878048787,up_in_KO
P35,Cones,Rps15a,3.1584797,0.38951263,0.0015859436364191886,0.04450190658382458,0.8634146341463415,233,1.151508,80.68669527896967,205,1.3437443,86.3414634146342,up_in_KO
P35,Cones,Elob,3.1553457,0.38859746,0.0016030800552408288,0.04479449901346135,0.8292682926829268,233,1.0493897,76.82403433476368,205,1.2324458,82.92682926829275,up_in_KO
P35,Cones,Sec62,3.150095,0.42056948,0.0016321736503555468,0.04533435615074373,0.9073170731707317,233,1.5433439,82.83261802575078,205,1.7793169,90.73170731707324,up_in_KO
P35,Cones,Serf2,3.1475472,0.4262386,0.0016464653197692007,0.04559480230298171,0.8536585365853658,233,1.2228903,78.96995708154478,205,1.4400482,85.36585365853665,up_in_KO
P35,Cones,Trmt112,3.143561,0.41149473,0.0016690562412219148,0.04608284151730864,0.7902439024390244,233,0.6581673,70.81545064377659,205,0.8058601,79.0243902439025,up_in_KO
P35,Cones,Pgls,3.1417358,0.56188345,0.0016794956616972981,0.04619821690547844,0.5804878048780487,233,0.2907711,45.922746781115784,205,0.404234,58.04878048780492,up_in_KO
P35,Cones,Crtc1,3.1410913,0.90418255,0.001683194708855418,0.04619821690547844,0.24878048780487805,233,0.08323848,13.304721030042927,205,0.15052693,24.87804878048782,up_in_KO
P35,Cones,Psma7,3.1243901,0.45404273,0.001781741197465705,0.04861533261438042,0.7902439024390244,233,0.7498565,69.95708154506414,205,0.9281135,79.0243902439025,up_in_KO
P35,Cones,Cacna1h,-3.136822,-1.0113289,0.0017078985125933022,0.04673797788002379,0.17073170731707318,233,0.2429794,29.61373390557939,205,0.1279054,17.073170731707325,down_in_KO
P35,Cones,Zfp532,-3.1533659,-0.7676269,0.0016139942659584047,0.04496403845434271,0.3951219512195122,233,0.47645226,51.50214592274666,205,0.30638838,39.512195121951244,down_in_KO
P35,Cones,Rasal2,-3.1581366,-0.50359446,0.0015878119089410298,0.04450190658382458,0.8,233,1.0909058,82.83261802575078,205,0.8731529,80.00000000000006,down_in_KO
P35,Cones,Sphkap,-3.1844482,-0.26739907,0.0014503027059389586,0.04204518188436162,0.9853658536585366,233,2.7720022,99.57081545064338,205,2.5993097,98.53658536585374,down_in_KO
P35,Cones,Grik5,-3.1883671,-1.0445864,0.0014307875749422117,0.04160945558852319,0.1073170731707317,233,0.13047488,22.31759656652362,205,0.06537942,10.731707317073173,down_in_KO
P35,Cones,1700025G04Rik,-3.1951516,-1.8759001,0.0013975743807295713,0.04089999220829095,0.05365853658536585,233,0.097447515,14.592274678111597,205,0.027505174,5.365853658536585,down_in_KO
P35,Cones,Gabrg2,-3.2066128,-0.5090291,0.0013430765810452249,0.03975990058880695,0.6487804878048781,233,0.7248756,70.38626609442036,205,0.5584725,64.87804878048784,down_in_KO
P35,Cones,4921504A21Rik,-3.2140207,-0.6812086,0.0013089020837366823,0.039169950422016785,0.40487804878048783,233,0.43576697,55.36480686695264,205,0.2931184,40.487804878048806,down_in_KO
P35,Cones,Pias1,-3.2161942,-0.42154428,0.0012990287848585118,0.03912691570497537,0.8292682926829268,233,1.0817127,89.27038626609408,205,0.89841855,82.92682926829275,down_in_KO
P35,Cones,Ppp1r9a,-3.2308612,-0.4342453,0.0012341786723939522,0.037574907724053384,0.8146341463414634,233,1.160381,86.69527896995676,205,0.9637949,81.4634146341464,down_in_KO
P35,Cones,Slc8a3,-3.2362666,-0.39676064,0.0012110421610238334,0.03720145075436458,0.9317073170731708,233,1.7395957,94.42060085836873,205,1.5186758,93.17073170731715,down_in_KO
P35,Cones,Atxn1,-3.2400594,-0.48902813,0.0011950484798379946,0.03698968752506095,0.8536585365853658,233,1.3493288,89.6995708154503,205,1.1099095,85.36585365853665,down_in_KO
P35,Cones,Asic3,-3.2524211,-0.9584422,0.0011442631066121481,0.03635386589055102,0.1951219512195122,233,0.2021698,33.47639484978538,205,0.109125145,19.51219512195123,down_in_KO
P35,Cones,Abhd16a,-3.2559319,-0.8303905,0.001130208729736212,0.03603074359368673,0.25853658536585367,233,0.23295213,39.91416309012869,205,0.13760598,25.853658536585378,down_in_KO
P35,Cones,Zpbp,-3.2560496,-1.9471391,0.0011297403547832904,0.03603074359368673,0.06341463414634146,233,0.113945074,15.879828326180267,205,0.030818865,6.341463414634145,down_in_KO
P35,Cones,Macf1,-3.2730515,-0.2897982,0.001063931075015242,0.034510799240966436,0.9658536585365853,233,2.0499365,95.7081545064374,205,1.8773017,96.58536585365862,down_in_KO
P35,Cones,Zfp804b,-3.2732987,-1.6920934,0.0010630009931994922,0.034510799240966436,0.03414634146341464,233,0.082188904,12.017167381974255,205,0.026164815,3.414634146341464,down_in_KO
P35,Cones,Mylk,-3.2782655,-0.2673135,0.001044470778412881,0.03411815285681795,0.9853658536585366,233,2.0658867,97.42489270386227,205,1.9060643,98.53658536585374,down_in_KO
P35,Cones,Glul,-3.296342,-1.1079828,0.0009795274821231218,0.032223675360482984,0.2146341463414634,233,0.24712998,35.19313304721026,205,0.12227438,21.463414634146353,down_in_KO
P35,Cones,Drd4,-3.310665,-0.5370314,0.0009307456934839228,0.03140591034667627,0.5170731707317073,233,0.62922436,66.9527896995706,205,0.47239774,51.70731707317076,down_in_KO
P35,Cones,Lypd6b,-3.3181248,-2.3208852,0.0009062398884875579,0.03079555840842152,0.024390243902439025,233,0.06722787,10.300429184549362,205,0.013821924,2.4390243902439024,down_in_KO
P35,Cones,Esrrg,-3.328154,-0.5049526,0.0008742352805113159,0.02997029470240994,0.7951219512195122,233,1.1067744,84.97854077253187,205,0.8865295,79.51219512195128,down_in_KO
P35,Cones,Kidins220,-3.339644,-0.5159873,0.0008388587582927923,0.029255987596549755,0.6731707317073171,233,0.7463768,75.96566523605124,205,0.57423973,67.31707317073176,down_in_KO
P35,Cones,Tbl1x,-3.3445842,-0.6010077,0.0008240598732967568,0.028957588805204593,0.5609756097560976,233,0.6194156,69.52789699570793,205,0.44824973,56.097560975609795,down_in_KO
P35,Cones,Kcnd3,-3.3457913,-1.189109,0.0008204812969269334,0.028957588805204593,0.05853658536585366,233,0.13904649,16.309012875536492,205,0.06337408,5.853658536585365,down_in_KO
P35,Cones,Atp8a2,-3.37237,-0.47802478,0.0007452426702085757,0.02711222059421552,0.848780487804878,233,1.2655234,89.6995708154503,205,1.0392764,84.87804878048787,down_in_KO
P35,Cones,Sgpp2,-3.3751585,-0.7597975,0.0007377318387452111,0.026944638850548517,0.4,233,0.4540791,54.506437768240204,205,0.29223615,40.00000000000002,down_in_KO
P35,Cones,Macrod2,-3.3753426,-0.44294772,0.0007372385331055501,0.026944638850548517,0.9170731707317074,233,2.009625,91.41630901287519,205,1.7496433,91.7073170731708,down_in_KO
P35,Cones,Zeb2,-3.4242058,-1.0328223,0.0006165992889694568,0.023158670460605872,0.13658536585365855,233,0.20090556,27.03862660944207,205,0.10323516,13.658536585365857,down_in_KO
P35,Cones,Rbck1,-3.4248247,-1.0173111,0.0006151961653293605,0.023158670460605872,0.1951219512195122,233,0.20033646,33.47639484978538,205,0.10398521,19.51219512195123,down_in_KO
P35,Cones,Sgta,-3.4300334,-0.6625644,0.000603506740447427,0.022945623078404837,0.36585365853658536,233,0.326282,53.21888412017154,205,0.21811868,36.58536585365856,down_in_KO
P35,Cones,Socs3,-3.4463074,-1.4730344,0.0005683035542150637,0.02196730030188811,0.07317073170731707,233,0.1195054,18.45493562231761,205,0.044711933,7.317073170731707,down_in_KO
P35,Cones,Ptprd,-3.4585059,-1.6754212,0.0005431802563105458,0.021352047617766667,0.03902439024390244,233,0.093077935,13.304721030042927,205,0.03008253,3.902439024390244,down_in_KO
P35,Cones,Dcc,-3.4618876,-1.7146107,0.0005364012824861267,0.021296010495143985,0.1073170731707317,233,0.27020568,22.31759656652362,205,0.090319164,10.731707317073173,down_in_KO
P35,Cones,Lhx4,-3.4839442,-0.78054184,0.000494082307642074,0.020462506999980003,0.3463414634146341,233,0.43732098,51.072961373390434,205,0.27713084,34.634146341463435,down_in_KO
P35,Cones,Mapk8ip2,-3.507603,-1.2732732,0.00045216349978453917,0.019597144787272383,0.14146341463414633,233,0.1613984,27.467811158798288,205,0.069959104,14.146341463414638,down_in_KO
P35,Cones,Galnt17,-3.5272555,-1.3872368,0.00041989121514415323,0.018637946425322054,0.08292682926829269,233,0.16373013,20.1716738197425,205,0.06579628,8.292682926829269,down_in_KO
P35,Cones,Pgs1,-3.5277286,-0.9886246,0.00041914166189362887,0.018637946425322054,0.33170731707317075,233,0.37832543,47.21030042918444,205,0.20842703,33.17073170731709,down_in_KO
P35,Cones,Gm30191,-3.5290508,-1.8236622,0.0004170529212594032,0.018637946425322054,0.04390243902439024,233,0.07551654,14.592274678111597,205,0.021917868,4.390243902439024,down_in_KO
P35,Cones,Impdh1,-3.5291715,-0.25073183,0.00041686284645145726,0.018637946425322054,0.9317073170731708,233,1.5818797,90.98712446351897,205,1.4463664,93.17073170731715,down_in_KO
P35,Cones,A930003O13Rik,-3.53212,-1.149412,0.00041224227241611766,0.018637946425322054,0.15121951219512195,233,0.19562943,29.184549356223172,205,0.09295201,15.1219512195122,down_in_KO
P35,Cones,Fam78b,-3.5339653,-0.7580612,0.0004093747821094885,0.018637946425322054,0.4634146341463415,233,0.5049363,60.51502145922729,205,0.3281569,46.34146341463418,down_in_KO
P35,Cones,Gse1,-3.5474718,-0.5618691,0.00038894760464530843,0.01804133464147263,0.6,233,0.72679883,74.67811158798257,205,0.54452693,60.00000000000004,down_in_KO
P35,Cones,Tenm3,-3.5867383,-1.1694616,0.0003348399939595707,0.016208568407968495,0.17073170731707318,233,0.27769625,31.759656652360498,205,0.13304883,17.073170731707325,down_in_KO
P35,Cones,Pcdh15,-3.589954,-0.30663812,0.0003307365624281489,0.016208568407968495,0.9902439024390244,233,4.059188,96.13733905579362,205,3.85072,99.02439024390252,down_in_KO
P35,Cones,Rpl29,-3.5950587,-0.46474025,0.00032431839241129013,0.016208568407968495,0.7170731707317073,233,1.0818104,77.68240343347613,205,0.88086426,71.70731707317078,down_in_KO
P35,Cones,Cep128,-3.609664,-1.8073524,0.0003065939338973206,0.015645721693635324,0.04878048780487805,233,0.11812273,15.450643776824045,205,0.03519681,4.878048780487805,down_in_KO
P35,Cones,Grip1,-3.616481,-0.73002124,0.0002986350852789973,0.015391320478518098,0.7073170731707317,233,1.2089942,81.11587982832589,205,0.88247377,70.73170731707322,down_in_KO
P35,Cones,Syne3,-3.6264904,-0.9081491,0.0002872995779522502,0.014973472947545086,0.2682926829268293,233,0.3388349,43.77682403433468,205,0.19467172,26.82926829268294,down_in_KO
P35,Cones,Cdkl1,-3.6468523,-2.3546736,0.0002654724442977746,0.01425567045049469,0.03902439024390244,233,0.084027424,13.73390557939915,205,0.016993094,3.902439024390244,down_in_KO
P35,Cones,Snx29,-3.6758292,-0.78374815,0.0002370780879915645,0.013270869307779556,0.3853658536585366,233,0.45118272,54.506437768240204,205,0.2860699,38.53658536585368,down_in_KO
P35,Cones,Ryr2,-3.6908314,-0.72481436,0.00022352226858619227,0.01272157107775525,0.5560975609756098,233,0.7379178,69.09871244635171,205,0.5071098,55.60975609756101,down_in_KO
P35,Cones,Lhfpl3,-3.6936715,-0.46955433,0.000221039283278513,0.012657910067745463,0.9317073170731708,233,1.8988633,91.41630901287519,205,1.6293967,93.17073170731715,down_in_KO
P35,Cones,Gm30097,-3.7165456,-3.3350022,0.00020196529938602457,0.011933962308306687,0.01951219512195122,233,0.08244743,10.729613733905586,205,0.008480567,1.951219512195122,down_in_KO
P35,Cones,Wdtc1,-3.7221043,-0.71950686,0.00019756939147061128,0.01182484673982491,0.5317073170731708,233,0.58855355,66.52360515021438,205,0.39654738,53.17073170731711,down_in_KO
P35,Cones,Dach1,-3.7394576,-0.8072004,0.00018441780279739134,0.011181986644126793,0.4926829268292683,233,0.65623415,60.51502145922729,205,0.42531234,49.26829268292686,down_in_KO
P35,Cones,Pde7b,-3.7436678,-1.2524581,0.00018135343697189658,0.011141826720452217,0.22439024390243903,233,0.3348807,37.33905579399136,205,0.15440075,22.439024390243915,down_in_KO
P35,Cones,Aplp1,-3.7653878,-0.53990453,0.0001662908487434678,0.01071305697078577,0.6829268292682927,233,0.8494743,76.39484978540746,205,0.6526302,68.29268292682931,down_in_KO
P35,Cones,Mt1,-3.8023016,-0.3910666,0.00014335807325213199,0.009778917982059033,0.8829268292682927,233,1.9132721,88.84120171673786,205,1.6871375,88.29268292682933,down_in_KO
P35,Cones,Gab2,-3.8239257,-1.231506,0.00013134350543947805,0.009093087313149537,0.1902439024390244,233,0.3247832,34.76394849785404,205,0.15136427,19.02439024390245,down_in_KO
P35,Cones,Pbx1,-3.8606858,-0.50470334,0.00011306924623299313,0.008131344165143235,0.9024390243902439,233,1.5285687,93.13304721030006,205,1.2656661,90.24390243902445,down_in_KO
P35,Cones,Ube2e2,-3.880376,-0.89036536,0.00010429502566209864,0.007618464197380229,0.6341463414634146,233,0.90323716,72.10300429184525,205,0.5831789,63.414634146341506,down_in_KO
P35,Cones,Ccdc85a,-3.9000406,-1.0473256,9.617655348839796e-05,0.007137839093694943,0.2682926829268293,233,0.39277577,44.63519313304712,205,0.20927216,26.82926829268294,down_in_KO
P35,Cones,Gm28055,-3.9074094,-1.8237315,9.329098858043462e-05,0.007010362250815097,0.05365853658536585,233,0.11262113,17.596566523605162,205,0.033120353,5.365853658536585,down_in_KO
P35,Cones,Thsd7a,-3.9486718,-0.5492666,7.858597825803782e-05,0.0061783230533882785,0.8585365853658536,233,1.6855084,92.27467811158763,205,1.3871776,85.85365853658543,down_in_KO
P35,Cones,Kalrn,-3.963499,-1.3693409,7.385912853289525e-05,0.0060636383663687544,0.17073170731707318,233,0.26044312,33.04721030042916,205,0.10899308,17.073170731707325,down_in_KO
P35,Cones,Lgr5,-3.966595,-1.0759002,7.29067259550623e-05,0.006038890148974223,0.3024390243902439,233,0.43970257,47.639484978540665,205,0.23267514,30.243902439024406,down_in_KO
P35,Cones,Ush2a,-3.9978125,-0.39674482,6.393057597425121e-05,0.005579173252746974,0.9707317073170731,233,2.3905659,94.84978540772495,205,2.1441395,97.07317073170739,down_in_KO
P35,Cones,Tshz2,-4.0578957,-0.5784057,4.951687770668928e-05,0.0045632465128127315,0.8829268292682927,233,1.7650223,90.55793991416274,205,1.4451537,88.29268292682933,down_in_KO
P35,Cones,Nck2,-4.0763526,-3.4578283,4.574760920103421e-05,0.004375263613999942,0.014634146341463415,233,0.079024516,11.15879828326181,205,0.007455981,1.4634146341463414,down_in_KO
P35,Cones,Cpeb3,-4.0798116,-0.703479,4.5072223472044294e-05,0.004355573095314114,0.6292682926829268,233,0.8779989,78.54077253218857,205,0.62243426,62.92682926829273,down_in_KO
P35,Cones,Rims2,-4.087763,-0.30870998,4.3555295231091946e-05,0.004253289198514106,0.975609756097561,233,2.5222642,96.13733905579362,205,2.3272557,97.56097560975617,down_in_KO
P35,Cones,A330076H08Rik,-4.1319237,-0.9264335,3.5974007867223906e-05,0.00366737220861798,0.35609756097560974,233,0.55758804,53.64806866952776,205,0.33128238,35.609756097561,down_in_KO
P35,Cones,4930543I03Rik,-4.1534696,-1.7236664,3.274716557145588e-05,0.0033755050556266244,0.09268292682926829,233,0.18825157,24.034334763948515,205,0.06082848,9.26829268292683,down_in_KO
P35,Cones,Fyco1,-4.2700605,-0.40000874,1.9541990829943766e-05,0.002266138111617354,0.9073170731707317,233,1.6266723,92.70386266094384,205,1.4103245,90.73170731707324,down_in_KO
P35,Cones,A230057D06Rik,-4.282235,-0.9721813,1.8502543246130975e-05,0.002172760679675406,0.375609756097561,233,0.73335284,58.79828326180241,205,0.43925998,37.56097560975612,down_in_KO
P35,Cones,Znrf1,-4.294269,-0.96634024,1.7526965737516965e-05,0.0021394429098282224,0.32682926829268294,233,0.39687896,51.072961373390434,205,0.22261383,32.68292682926831,down_in_KO
P35,Cones,Etnk1,-4.3729897,-0.56376076,1.225565448591665e-05,0.0015946401295682895,0.7560975609756098,233,1.0085851,82.83261802575078,205,0.7785613,75.60975609756103,down_in_KO
P35,Cones,Ptprn2,-4.3763804,-0.91296726,1.2066643467957262e-05,0.0015946401295682895,0.5219512195121951,233,0.7802263,69.52789699570793,205,0.48718774,52.19512195121955,down_in_KO
P35,Cones,Raver2,-4.482606,-1.2071611,7.373702604051892e-06,0.0010858069691712603,0.3073170731707317,233,0.40617955,49.356223175965546,205,0.19640887,30.731707317073187,down_in_KO
P35,Cones,Gm12166,-4.5135283,-2.668949,6.375789037126098e-06,0.0009858032482903134,0.024390243902439025,233,0.07320344,15.02145922746782,205,0.011871627,2.4390243902439024,down_in_KO
P35,Cones,Cabp5,-4.6217833,-1.1616786,3.8045515984103145e-06,0.0006598243066815067,0.35121951219512193,233,0.7945393,54.93562231759642,205,0.43333295,35.12195121951221,down_in_KO
P35,Cones,Ccdc136,-4.6241946,-0.96992606,3.760563617345293e-06,0.0006598243066815067,0.6585365853658537,233,1.983312,75.96566523605124,205,1.4349389,65.85365853658541,down_in_KO
P35,Cones,Prickle2,-4.6704865,-0.87523997,3.004874527304914e-06,0.0005656721095464509,0.5853658536585366,233,0.7242286,71.24463519313281,205,0.4571617,58.536585365853696,down_in_KO
P35,Cones,Tmtc2,-4.7611475,-1.716301,1.9249511082815663e-06,0.0003882124224245237,0.11707317073170732,233,0.23020208,30.042918454935613,205,0.07582766,11.707317073170735,down_in_KO
P35,Cones,Cdh4,-4.7875175,-1.1664995,1.6885714543313233e-06,0.00034810838626292634,0.2634146341463415,233,0.45756158,48.06866952789689,205,0.22991005,26.34146341463416,down_in_KO
P35,Cones,Jarid2,-4.9347196,-0.6713169,8.026607226813982e-07,0.00018161667132476417,0.8585365853658536,233,1.4340377,94.84978540772495,205,1.100819,85.85365853658543,down_in_KO
P35,Cones,Zbtb20,-4.9681025,-0.7045186,6.761129929785469e-07,0.0001571781254081694,0.8731707317073171,233,1.5665368,91.41630901287519,205,1.201693,87.31707317073177,down_in_KO
P35,Cones,Cngb3,-5.0159163,-0.44581845,5.278126304602669e-07,0.00013233831818324046,0.9902439024390244,233,3.407182,98.28326180257471,205,3.110091,99.02439024390252,down_in_KO
P35,Cones,Gm27151,-5.0223637,-25.847794,5.103947781098028e-07,0.00013152589879235113,0.0,233,0.05863623,11.587982832618032,205,0.0,0.0,down_in_KO
P35,Cones,4930579D07Rik,-5.122745,-1.1041268,3.0111918753343853e-07,8.465099099235482e-05,0.5804878048780487,233,0.9741549,73.81974248927014,205,0.5693141,58.04878048780492,down_in_KO
P35,Cones,Camk1d,-5.288247,-0.4612896,1.2349418248825227e-07,4.227590422477704e-05,1.0,233,3.1585708,99.9999999999996,205,2.85471,100.00000000000007,down_in_KO
P35,Cones,Dnm3,-5.326887,-0.54130465,9.991018759354951e-08,3.8599768733870425e-05,0.9365853658536586,233,1.8042307,95.27896995708117,205,1.5012927,93.65853658536592,down_in_KO
P35,Cones,Galnt13,-5.8786187,-0.70249486,4.137035464707046e-09,2.1321821114492926e-06,0.9365853658536586,233,2.609034,93.99141630901251,205,2.1672413,93.65853658536592,down_in_KO
P35,Cones,Cox7c,-5.960489,-0.39886916,2.5148491041805054e-09,1.3723679493813265e-06,0.8878048780487805,233,1.861559,84.54935622317565,205,1.6333987,88.78048780487812,down_in_KO
P35,Cones,Ralyl,-6.5011754,-1.8905239,7.969495703008622e-11,5.687154741293153e-08,0.2,233,0.57076913,48.4978540772531,205,0.18861471,20.00000000000001,down_in_KO
P35,Cones,Impg2,-6.643521,-0.47598332,3.062767914330282e-11,2.3677748284368354e-08,0.9414634146341463,233,1.8442029,93.56223175965629,205,1.5742569,94.1463414634147,down_in_KO
P35,Cones,Robo1,-7.0206347,-0.93495214,2.208625216172276e-12,2.2766017922700227e-09,0.8585365853658536,233,2.4574,95.27896995708117,205,1.8845458,85.85365853658543,down_in_KO
P35,Cones,Slc6a6,-7.1635866,-0.4714366,7.8593128690557e-13,9.113855685778716e-10,0.9951219512195122,233,2.5949638,99.9999999999996,205,2.2966306,99.5121951219513,down_in_KO
P35,Cones,Gm41031,-8.279473,-7.1630135,1.2372094094175753e-16,1.9129319485278076e-13,0.004878048780487805,233,0.24189554,29.61373390557939,205,0.0019077291,0.4878048780487805,down_in_KO
P35,Cones,Iqgap2,-10.451095,-2.788515,1.4484321809836212e-25,3.3592763357462634e-22,0.2,233,0.6700556,66.09442060085816,205,0.1293841,20.00000000000001,down_in_KO
P35,Cones,Pde4d,-10.929766,-3.3376324,8.306221548368494e-28,2.5685605768071505e-24,0.06829268292682927,233,0.4596899,58.36909871244619,205,0.056121763,6.829268292682926,down_in_KO
P35,Cones,Gls,-17.075407,-4.829833,2.2624390681588785e-65,2.0988647235309916e-61,0.1902439024390244,233,1.7793326,93.99141630901251,205,0.1597395,19.02439024390245,down_in_KO
